2026-07-28T11:25:08.454Z Error: Table 'new1.product_reviews' doesn't exist
    at file:///C:/Users/System2/Downloads/project%202/server/src/routes/publicRoutes.js:70:35
    at Layer.handle [as handle_request] (C:\Users\System2\Downloads\project 2\server\node_modules\express\lib\router\layer.js:95:5)
    at next (C:\Users\System2\Downloads\project 2\server\node_modules\express\lib\router\route.js:149:13)
    at Route.dispatch (C:\Users\System2\Downloads\project 2\server\node_modules\express\lib\router\route.js:119:3)
    at Layer.handle [as handle_request] (C:\Users\System2\Downloads\project 2\server\node_modules\express\lib\router\layer.js:95:5)
    at C:\Users\System2\Downloads\project 2\server\node_modules\express\lib\router\index.js:284:15
    at router.process_params (C:\Users\System2\Downloads\project 2\server\node_modules\express\lib\router\index.js:346:12)
    at next (C:\Users\System2\Downloads\project 2\server\node_modules\express\lib\router\index.js:280:10)
    at router.handle (C:\Users\System2\Downloads\project 2\server\node_modules\express\lib\router\index.js:175:3)
    at router (C:\Users\System2\Downloads\project 2\server\node_modules\express\lib\router\index.js:47:12)
2026-07-28T11:25:08.467Z Error: Table 'new1.product_reviews' doesn't exist
    at file:///C:/Users/System2/Downloads/project%202/server/src/routes/publicRoutes.js:70:35
    at Layer.handle [as handle_request] (C:\Users\System2\Downloads\project 2\server\node_modules\express\lib\router\layer.js:95:5)
    at next (C:\Users\System2\Downloads\project 2\server\node_modules\express\lib\router\route.js:149:13)
    at Route.dispatch (C:\Users\System2\Downloads\project 2\server\node_modules\express\lib\router\route.js:119:3)
    at Layer.handle [as handle_request] (C:\Users\System2\Downloads\project 2\server\node_modules\express\lib\router\layer.js:95:5)
    at C:\Users\System2\Downloads\project 2\server\node_modules\express\lib\router\index.js:284:15
    at router.process_params (C:\Users\System2\Downloads\project 2\server\node_modules\express\lib\router\index.js:346:12)
    at next (C:\Users\System2\Downloads\project 2\server\node_modules\express\lib\router\index.js:280:10)
    at router.handle (C:\Users\System2\Downloads\project 2\server\node_modules\express\lib\router\index.js:175:3)
    at router (C:\Users\System2\Downloads\project 2\server\node_modules\express\lib\router\index.js:47:12)
2026-07-28T11:25:08.532Z Error: Table 'new1.product_reviews' doesn't exist
    at file:///C:/Users/System2/Downloads/project%202/server/src/routes/publicRoutes.js:161:35
    at Layer.handle [as handle_request] (C:\Users\System2\Downloads\project 2\server\node_modules\express\lib\router\layer.js:95:5)
    at next (C:\Users\System2\Downloads\project 2\server\node_modules\express\lib\router\route.js:149:13)
    at Route.dispatch (C:\Users\System2\Downloads\project 2\server\node_modules\express\lib\router\route.js:119:3)
    at Layer.handle [as handle_request] (C:\Users\System2\Downloads\project 2\server\node_modules\express\lib\router\layer.js:95:5)
    at C:\Users\System2\Downloads\project 2\server\node_modules\express\lib\router\index.js:284:15
    at router.process_params (C:\Users\System2\Downloads\project 2\server\node_modules\express\lib\router\index.js:346:12)
    at next (C:\Users\System2\Downloads\project 2\server\node_modules\express\lib\router\index.js:280:10)
    at router.handle (C:\Users\System2\Downloads\project 2\server\node_modules\express\lib\router\index.js:175:3)
    at router (C:\Users\System2\Downloads\project 2\server\node_modules\express\lib\router\index.js:47:12)
2026-07-28T11:25:18.635Z Error: Table 'new1.product_reviews' doesn't exist
    at file:///C:/Users/System2/Downloads/project%202/server/src/routes/publicRoutes.js:161:35
    at Layer.handle [as handle_request] (C:\Users\System2\Downloads\project 2\server\node_modules\express\lib\router\layer.js:95:5)
    at next (C:\Users\System2\Downloads\project 2\server\node_modules\express\lib\router\route.js:149:13)
    at Route.dispatch (C:\Users\System2\Downloads\project 2\server\node_modules\express\lib\router\route.js:119:3)
    at Layer.handle [as handle_request] (C:\Users\System2\Downloads\project 2\server\node_modules\express\lib\router\layer.js:95:5)
    at C:\Users\System2\Downloads\project 2\server\node_modules\express\lib\router\index.js:284:15
    at router.process_params (C:\Users\System2\Downloads\project 2\server\node_modules\express\lib\router\index.js:346:12)
    at next (C:\Users\System2\Downloads\project 2\server\node_modules\express\lib\router\index.js:280:10)
    at router.handle (C:\Users\System2\Downloads\project 2\server\node_modules\express\lib\router\index.js:175:3)
    at router (C:\Users\System2\Downloads\project 2\server\node_modules\express\lib\router\index.js:47:12)
2026-07-28T11:25:18.688Z Error: Table 'new1.product_reviews' doesn't exist
    at file:///C:/Users/System2/Downloads/project%202/server/src/routes/publicRoutes.js:161:35
    at Layer.handle [as handle_request] (C:\Users\System2\Downloads\project 2\server\node_modules\express\lib\router\layer.js:95:5)
    at next (C:\Users\System2\Downloads\project 2\server\node_modules\express\lib\router\route.js:149:13)
    at Route.dispatch (C:\Users\System2\Downloads\project 2\server\node_modules\express\lib\router\route.js:119:3)
    at Layer.handle [as handle_request] (C:\Users\System2\Downloads\project 2\server\node_modules\express\lib\router\layer.js:95:5)
    at C:\Users\System2\Downloads\project 2\server\node_modules\express\lib\router\index.js:284:15
    at router.process_params (C:\Users\System2\Downloads\project 2\server\node_modules\express\lib\router\index.js:346:12)
    at next (C:\Users\System2\Downloads\project 2\server\node_modules\express\lib\router\index.js:280:10)
    at router.handle (C:\Users\System2\Downloads\project 2\server\node_modules\express\lib\router\index.js:175:3)
    at router (C:\Users\System2\Downloads\project 2\server\node_modules\express\lib\router\index.js:47:12)
2026-07-28T11:25:18.756Z Error: Table 'new1.product_reviews' doesn't exist
    at file:///C:/Users/System2/Downloads/project%202/server/src/routes/publicRoutes.js:161:35
    at Layer.handle [as handle_request] (C:\Users\System2\Downloads\project 2\server\node_modules\express\lib\router\layer.js:95:5)
    at next (C:\Users\System2\Downloads\project 2\server\node_modules\express\lib\router\route.js:149:13)
    at Route.dispatch (C:\Users\System2\Downloads\project 2\server\node_modules\express\lib\router\route.js:119:3)
    at Layer.handle [as handle_request] (C:\Users\System2\Downloads\project 2\server\node_modules\express\lib\router\layer.js:95:5)
    at C:\Users\System2\Downloads\project 2\server\node_modules\express\lib\router\index.js:284:15
    at router.process_params (C:\Users\System2\Downloads\project 2\server\node_modules\express\lib\router\index.js:346:12)
    at next (C:\Users\System2\Downloads\project 2\server\node_modules\express\lib\router\index.js:280:10)
    at router.handle (C:\Users\System2\Downloads\project 2\server\node_modules\express\lib\router\index.js:175:3)
    at router (C:\Users\System2\Downloads\project 2\server\node_modules\express\lib\router\index.js:47:12)
2026-07-28T11:25:18.793Z Error: Table 'new1.product_reviews' doesn't exist
    at file:///C:/Users/System2/Downloads/project%202/server/src/routes/publicRoutes.js:161:35
    at Layer.handle [as handle_request] (C:\Users\System2\Downloads\project 2\server\node_modules\express\lib\router\layer.js:95:5)
    at next (C:\Users\System2\Downloads\project 2\server\node_modules\express\lib\router\route.js:149:13)
    at Route.dispatch (C:\Users\System2\Downloads\project 2\server\node_modules\express\lib\router\route.js:119:3)
    at Layer.handle [as handle_request] (C:\Users\System2\Downloads\project 2\server\node_modules\express\lib\router\layer.js:95:5)
    at C:\Users\System2\Downloads\project 2\server\node_modules\express\lib\router\index.js:284:15
    at router.process_params (C:\Users\System2\Downloads\project 2\server\node_modules\express\lib\router\index.js:346:12)
    at next (C:\Users\System2\Downloads\project 2\server\node_modules\express\lib\router\index.js:280:10)
    at router.handle (C:\Users\System2\Downloads\project 2\server\node_modules\express\lib\router\index.js:175:3)
    at router (C:\Users\System2\Downloads\project 2\server\node_modules\express\lib\router\index.js:47:12)
2026-07-28T11:25:18.829Z Error: Table 'new1.product_reviews' doesn't exist
    at file:///C:/Users/System2/Downloads/project%202/server/src/routes/publicRoutes.js:161:35
    at Layer.handle [as handle_request] (C:\Users\System2\Downloads\project 2\server\node_modules\express\lib\router\layer.js:95:5)
    at next (C:\Users\System2\Downloads\project 2\server\node_modules\express\lib\router\route.js:149:13)
    at Route.dispatch (C:\Users\System2\Downloads\project 2\server\node_modules\express\lib\router\route.js:119:3)
    at Layer.handle [as handle_request] (C:\Users\System2\Downloads\project 2\server\node_modules\express\lib\router\layer.js:95:5)
    at C:\Users\System2\Downloads\project 2\server\node_modules\express\lib\router\index.js:284:15
    at router.process_params (C:\Users\System2\Downloads\project 2\server\node_modules\express\lib\router\index.js:346:12)
    at next (C:\Users\System2\Downloads\project 2\server\node_modules\express\lib\router\index.js:280:10)
    at router.handle (C:\Users\System2\Downloads\project 2\server\node_modules\express\lib\router\index.js:175:3)
    at router (C:\Users\System2\Downloads\project 2\server\node_modules\express\lib\router\index.js:47:12)
2026-07-28T11:25:18.859Z Error: Table 'new1.product_reviews' doesn't exist
    at file:///C:/Users/System2/Downloads/project%202/server/src/routes/publicRoutes.js:161:35
    at Layer.handle [as handle_request] (C:\Users\System2\Downloads\project 2\server\node_modules\express\lib\router\layer.js:95:5)
    at next (C:\Users\System2\Downloads\project 2\server\node_modules\express\lib\router\route.js:149:13)
    at Route.dispatch (C:\Users\System2\Downloads\project 2\server\node_modules\express\lib\router\route.js:119:3)
    at Layer.handle [as handle_request] (C:\Users\System2\Downloads\project 2\server\node_modules\express\lib\router\layer.js:95:5)
    at C:\Users\System2\Downloads\project 2\server\node_modules\express\lib\router\index.js:284:15
    at router.process_params (C:\Users\System2\Downloads\project 2\server\node_modules\express\lib\router\index.js:346:12)
    at next (C:\Users\System2\Downloads\project 2\server\node_modules\express\lib\router\index.js:280:10)
    at router.handle (C:\Users\System2\Downloads\project 2\server\node_modules\express\lib\router\index.js:175:3)
    at router (C:\Users\System2\Downloads\project 2\server\node_modules\express\lib\router\index.js:47:12)
2026-07-28T11:48:31.810Z Error: Table 'new1.product_reviews' doesn't exist
    at file:///C:/Users/System2/Downloads/project%202/server/src/routes/publicRoutes.js:70:35
    at Layer.handle [as handle_request] (C:\Users\System2\Downloads\project 2\server\node_modules\express\lib\router\layer.js:95:5)
    at next (C:\Users\System2\Downloads\project 2\server\node_modules\express\lib\router\route.js:149:13)
    at Route.dispatch (C:\Users\System2\Downloads\project 2\server\node_modules\express\lib\router\route.js:119:3)
    at Layer.handle [as handle_request] (C:\Users\System2\Downloads\project 2\server\node_modules\express\lib\router\layer.js:95:5)
    at C:\Users\System2\Downloads\project 2\server\node_modules\express\lib\router\index.js:284:15
    at router.process_params (C:\Users\System2\Downloads\project 2\server\node_modules\express\lib\router\index.js:346:12)
    at next (C:\Users\System2\Downloads\project 2\server\node_modules\express\lib\router\index.js:280:10)
    at router.handle (C:\Users\System2\Downloads\project 2\server\node_modules\express\lib\router\index.js:175:3)
    at router (C:\Users\System2\Downloads\project 2\server\node_modules\express\lib\router\index.js:47:12)
2026-07-28T11:48:31.818Z Error: Table 'new1.product_reviews' doesn't exist
    at file:///C:/Users/System2/Downloads/project%202/server/src/routes/publicRoutes.js:70:35
    at Layer.handle [as handle_request] (C:\Users\System2\Downloads\project 2\server\node_modules\express\lib\router\layer.js:95:5)
    at next (C:\Users\System2\Downloads\project 2\server\node_modules\express\lib\router\route.js:149:13)
    at Route.dispatch (C:\Users\System2\Downloads\project 2\server\node_modules\express\lib\router\route.js:119:3)
    at Layer.handle [as handle_request] (C:\Users\System2\Downloads\project 2\server\node_modules\express\lib\router\layer.js:95:5)
    at C:\Users\System2\Downloads\project 2\server\node_modules\express\lib\router\index.js:284:15
    at router.process_params (C:\Users\System2\Downloads\project 2\server\node_modules\express\lib\router\index.js:346:12)
    at next (C:\Users\System2\Downloads\project 2\server\node_modules\express\lib\router\index.js:280:10)
    at router.handle (C:\Users\System2\Downloads\project 2\server\node_modules\express\lib\router\index.js:175:3)
    at router (C:\Users\System2\Downloads\project 2\server\node_modules\express\lib\router\index.js:47:12)
2026-07-28T11:48:31.916Z Error: Table 'new1.product_reviews' doesn't exist
    at file:///C:/Users/System2/Downloads/project%202/server/src/routes/publicRoutes.js:161:35
    at Layer.handle [as handle_request] (C:\Users\System2\Downloads\project 2\server\node_modules\express\lib\router\layer.js:95:5)
    at next (C:\Users\System2\Downloads\project 2\server\node_modules\express\lib\router\route.js:149:13)
    at Route.dispatch (C:\Users\System2\Downloads\project 2\server\node_modules\express\lib\router\route.js:119:3)
    at Layer.handle [as handle_request] (C:\Users\System2\Downloads\project 2\server\node_modules\express\lib\router\layer.js:95:5)
    at C:\Users\System2\Downloads\project 2\server\node_modules\express\lib\router\index.js:284:15
    at router.process_params (C:\Users\System2\Downloads\project 2\server\node_modules\express\lib\router\index.js:346:12)
    at next (C:\Users\System2\Downloads\project 2\server\node_modules\express\lib\router\index.js:280:10)
    at router.handle (C:\Users\System2\Downloads\project 2\server\node_modules\express\lib\router\index.js:175:3)
    at router (C:\Users\System2\Downloads\project 2\server\node_modules\express\lib\router\index.js:47:12)
2026-07-29T08:40:58.582Z Error: Access denied for user 'root'@'localhost' (using password: YES)
    at file:///D:/version%205.0/server/src/routes/publicRoutes.js:215:30
    at Layer.handle [as handle_request] (D:\version 5.0\server\node_modules\express\lib\router\layer.js:95:5)
    at next (D:\version 5.0\server\node_modules\express\lib\router\route.js:149:13)
    at Route.dispatch (D:\version 5.0\server\node_modules\express\lib\router\route.js:119:3)
    at Layer.handle [as handle_request] (D:\version 5.0\server\node_modules\express\lib\router\layer.js:95:5)
    at D:\version 5.0\server\node_modules\express\lib\router\index.js:284:15
    at router.process_params (D:\version 5.0\server\node_modules\express\lib\router\index.js:346:12)
    at next (D:\version 5.0\server\node_modules\express\lib\router\index.js:280:10)
    at router.handle (D:\version 5.0\server\node_modules\express\lib\router\index.js:175:3)
    at router (D:\version 5.0\server\node_modules\express\lib\router\index.js:47:12)
2026-07-29T08:40:58.596Z Error: Access denied for user 'root'@'localhost' (using password: YES)
    at file:///D:/version%205.0/server/src/routes/publicRoutes.js:16:37
    at Layer.handle [as handle_request] (D:\version 5.0\server\node_modules\express\lib\router\layer.js:95:5)
    at next (D:\version 5.0\server\node_modules\express\lib\router\route.js:149:13)
    at Route.dispatch (D:\version 5.0\server\node_modules\express\lib\router\route.js:119:3)
    at Layer.handle [as handle_request] (D:\version 5.0\server\node_modules\express\lib\router\layer.js:95:5)
    at D:\version 5.0\server\node_modules\express\lib\router\index.js:284:15
    at router.process_params (D:\version 5.0\server\node_modules\express\lib\router\index.js:346:12)
    at next (D:\version 5.0\server\node_modules\express\lib\router\index.js:280:10)
    at router.handle (D:\version 5.0\server\node_modules\express\lib\router\index.js:175:3)
    at router (D:\version 5.0\server\node_modules\express\lib\router\index.js:47:12)
2026-07-29T08:40:58.602Z Error: Access denied for user 'root'@'localhost' (using password: YES)
    at file:///D:/version%205.0/server/src/routes/publicRoutes.js:70:35
    at Layer.handle [as handle_request] (D:\version 5.0\server\node_modules\express\lib\router\layer.js:95:5)
    at next (D:\version 5.0\server\node_modules\express\lib\router\route.js:149:13)
    at Route.dispatch (D:\version 5.0\server\node_modules\express\lib\router\route.js:119:3)
    at Layer.handle [as handle_request] (D:\version 5.0\server\node_modules\express\lib\router\layer.js:95:5)
    at D:\version 5.0\server\node_modules\express\lib\router\index.js:284:15
    at router.process_params (D:\version 5.0\server\node_modules\express\lib\router\index.js:346:12)
    at next (D:\version 5.0\server\node_modules\express\lib\router\index.js:280:10)
    at router.handle (D:\version 5.0\server\node_modules\express\lib\router\index.js:175:3)
    at router (D:\version 5.0\server\node_modules\express\lib\router\index.js:47:12)
2026-07-29T08:40:58.609Z Error: Access denied for user 'root'@'localhost' (using password: YES)
    at file:///D:/version%205.0/server/src/routes/publicRoutes.js:230:37
    at Layer.handle [as handle_request] (D:\version 5.0\server\node_modules\express\lib\router\layer.js:95:5)
    at next (D:\version 5.0\server\node_modules\express\lib\router\route.js:149:13)
    at Route.dispatch (D:\version 5.0\server\node_modules\express\lib\router\route.js:119:3)
    at Layer.handle [as handle_request] (D:\version 5.0\server\node_modules\express\lib\router\layer.js:95:5)
    at D:\version 5.0\server\node_modules\express\lib\router\index.js:284:15
    at router.process_params (D:\version 5.0\server\node_modules\express\lib\router\index.js:346:12)
    at next (D:\version 5.0\server\node_modules\express\lib\router\index.js:280:10)
    at router.handle (D:\version 5.0\server\node_modules\express\lib\router\index.js:175:3)
    at router (D:\version 5.0\server\node_modules\express\lib\router\index.js:47:12)
2026-07-29T08:40:58.648Z Error: Access denied for user 'root'@'localhost' (using password: YES)
    at file:///D:/version%205.0/server/src/routes/publicRoutes.js:230:37
    at Layer.handle [as handle_request] (D:\version 5.0\server\node_modules\express\lib\router\layer.js:95:5)
    at next (D:\version 5.0\server\node_modules\express\lib\router\route.js:149:13)
    at Route.dispatch (D:\version 5.0\server\node_modules\express\lib\router\route.js:119:3)
    at Layer.handle [as handle_request] (D:\version 5.0\server\node_modules\express\lib\router\layer.js:95:5)
    at D:\version 5.0\server\node_modules\express\lib\router\index.js:284:15
    at router.process_params (D:\version 5.0\server\node_modules\express\lib\router\index.js:346:12)
    at next (D:\version 5.0\server\node_modules\express\lib\router\index.js:280:10)
    at router.handle (D:\version 5.0\server\node_modules\express\lib\router\index.js:175:3)
    at router (D:\version 5.0\server\node_modules\express\lib\router\index.js:47:12)
2026-07-29T08:40:58.683Z Error: Access denied for user 'root'@'localhost' (using password: YES)
    at file:///D:/version%205.0/server/src/routes/publicRoutes.js:70:35
    at Layer.handle [as handle_request] (D:\version 5.0\server\node_modules\express\lib\router\layer.js:95:5)
    at next (D:\version 5.0\server\node_modules\express\lib\router\route.js:149:13)
    at Route.dispatch (D:\version 5.0\server\node_modules\express\lib\router\route.js:119:3)
    at Layer.handle [as handle_request] (D:\version 5.0\server\node_modules\express\lib\router\layer.js:95:5)
    at D:\version 5.0\server\node_modules\express\lib\router\index.js:284:15
    at router.process_params (D:\version 5.0\server\node_modules\express\lib\router\index.js:346:12)
    at next (D:\version 5.0\server\node_modules\express\lib\router\index.js:280:10)
    at router.handle (D:\version 5.0\server\node_modules\express\lib\router\index.js:175:3)
    at router (D:\version 5.0\server\node_modules\express\lib\router\index.js:47:12)
2026-07-29T08:40:58.687Z Error: Access denied for user 'root'@'localhost' (using password: YES)
    at file:///D:/version%205.0/server/src/routes/publicRoutes.js:16:37
    at Layer.handle [as handle_request] (D:\version 5.0\server\node_modules\express\lib\router\layer.js:95:5)
    at next (D:\version 5.0\server\node_modules\express\lib\router\route.js:149:13)
    at Route.dispatch (D:\version 5.0\server\node_modules\express\lib\router\route.js:119:3)
    at Layer.handle [as handle_request] (D:\version 5.0\server\node_modules\express\lib\router\layer.js:95:5)
    at D:\version 5.0\server\node_modules\express\lib\router\index.js:284:15
    at router.process_params (D:\version 5.0\server\node_modules\express\lib\router\index.js:346:12)
    at next (D:\version 5.0\server\node_modules\express\lib\router\index.js:280:10)
    at router.handle (D:\version 5.0\server\node_modules\express\lib\router\index.js:175:3)
    at router (D:\version 5.0\server\node_modules\express\lib\router\index.js:47:12)
2026-07-29T08:40:58.691Z Error: Access denied for user 'root'@'localhost' (using password: YES)
    at file:///D:/version%205.0/server/src/routes/publicRoutes.js:215:30
    at Layer.handle [as handle_request] (D:\version 5.0\server\node_modules\express\lib\router\layer.js:95:5)
    at next (D:\version 5.0\server\node_modules\express\lib\router\route.js:149:13)
    at Route.dispatch (D:\version 5.0\server\node_modules\express\lib\router\route.js:119:3)
    at Layer.handle [as handle_request] (D:\version 5.0\server\node_modules\express\lib\router\layer.js:95:5)
    at D:\version 5.0\server\node_modules\express\lib\router\index.js:284:15
    at router.process_params (D:\version 5.0\server\node_modules\express\lib\router\index.js:346:12)
    at next (D:\version 5.0\server\node_modules\express\lib\router\index.js:280:10)
    at router.handle (D:\version 5.0\server\node_modules\express\lib\router\index.js:175:3)
    at router (D:\version 5.0\server\node_modules\express\lib\router\index.js:47:12)
2026-07-29T08:40:58.710Z Error: Access denied for user 'root'@'localhost' (using password: YES)
    at file:///D:/version%205.0/server/src/routes/publicRoutes.js:16:37
    at Layer.handle [as handle_request] (D:\version 5.0\server\node_modules\express\lib\router\layer.js:95:5)
    at next (D:\version 5.0\server\node_modules\express\lib\router\route.js:149:13)
    at Route.dispatch (D:\version 5.0\server\node_modules\express\lib\router\route.js:119:3)
    at Layer.handle [as handle_request] (D:\version 5.0\server\node_modules\express\lib\router\layer.js:95:5)
    at D:\version 5.0\server\node_modules\express\lib\router\index.js:284:15
    at router.process_params (D:\version 5.0\server\node_modules\express\lib\router\index.js:346:12)
    at next (D:\version 5.0\server\node_modules\express\lib\router\index.js:280:10)
    at router.handle (D:\version 5.0\server\node_modules\express\lib\router\index.js:175:3)
    at router (D:\version 5.0\server\node_modules\express\lib\router\index.js:47:12)
2026-07-29T08:40:58.729Z Error: Access denied for user 'root'@'localhost' (using password: YES)
    at file:///D:/version%205.0/server/src/routes/publicRoutes.js:16:37
    at Layer.handle [as handle_request] (D:\version 5.0\server\node_modules\express\lib\router\layer.js:95:5)
    at next (D:\version 5.0\server\node_modules\express\lib\router\route.js:149:13)
    at Route.dispatch (D:\version 5.0\server\node_modules\express\lib\router\route.js:119:3)
    at Layer.handle [as handle_request] (D:\version 5.0\server\node_modules\express\lib\router\layer.js:95:5)
    at D:\version 5.0\server\node_modules\express\lib\router\index.js:284:15
    at router.process_params (D:\version 5.0\server\node_modules\express\lib\router\index.js:346:12)
    at next (D:\version 5.0\server\node_modules\express\lib\router\index.js:280:10)
    at router.handle (D:\version 5.0\server\node_modules\express\lib\router\index.js:175:3)
    at router (D:\version 5.0\server\node_modules\express\lib\router\index.js:47:12)
2026-07-29T08:40:58.818Z Error: Access denied for user 'root'@'localhost' (using password: YES)
    at file:///D:/version%205.0/server/src/routes/publicRoutes.js:161:35
    at Layer.handle [as handle_request] (D:\version 5.0\server\node_modules\express\lib\router\layer.js:95:5)
    at next (D:\version 5.0\server\node_modules\express\lib\router\route.js:149:13)
    at Route.dispatch (D:\version 5.0\server\node_modules\express\lib\router\route.js:119:3)
    at Layer.handle [as handle_request] (D:\version 5.0\server\node_modules\express\lib\router\layer.js:95:5)
    at D:\version 5.0\server\node_modules\express\lib\router\index.js:284:15
    at router.process_params (D:\version 5.0\server\node_modules\express\lib\router\index.js:346:12)
    at next (D:\version 5.0\server\node_modules\express\lib\router\index.js:280:10)
    at router.handle (D:\version 5.0\server\node_modules\express\lib\router\index.js:175:3)
    at router (D:\version 5.0\server\node_modules\express\lib\router\index.js:47:12)
2026-07-29T08:42:33.706Z Error: Access denied for user 'root'@'localhost' (using password: YES)
    at file:///D:/version%205.0/server/src/routes/publicRoutes.js:161:35
    at Layer.handle [as handle_request] (D:\version 5.0\server\node_modules\express\lib\router\layer.js:95:5)
    at next (D:\version 5.0\server\node_modules\express\lib\router\route.js:149:13)
    at Route.dispatch (D:\version 5.0\server\node_modules\express\lib\router\route.js:119:3)
    at Layer.handle [as handle_request] (D:\version 5.0\server\node_modules\express\lib\router\layer.js:95:5)
    at D:\version 5.0\server\node_modules\express\lib\router\index.js:284:15
    at router.process_params (D:\version 5.0\server\node_modules\express\lib\router\index.js:346:12)
    at next (D:\version 5.0\server\node_modules\express\lib\router\index.js:280:10)
    at router.handle (D:\version 5.0\server\node_modules\express\lib\router\index.js:175:3)
    at router (D:\version 5.0\server\node_modules\express\lib\router\index.js:47:12)
2026-07-29T08:42:33.723Z Error: Access denied for user 'root'@'localhost' (using password: YES)
    at file:///D:/version%205.0/server/src/routes/publicRoutes.js:161:35
    at Layer.handle [as handle_request] (D:\version 5.0\server\node_modules\express\lib\router\layer.js:95:5)
    at next (D:\version 5.0\server\node_modules\express\lib\router\route.js:149:13)
    at Route.dispatch (D:\version 5.0\server\node_modules\express\lib\router\route.js:119:3)
    at Layer.handle [as handle_request] (D:\version 5.0\server\node_modules\express\lib\router\layer.js:95:5)
    at D:\version 5.0\server\node_modules\express\lib\router\index.js:284:15
    at router.process_params (D:\version 5.0\server\node_modules\express\lib\router\index.js:346:12)
    at next (D:\version 5.0\server\node_modules\express\lib\router\index.js:280:10)
    at router.handle (D:\version 5.0\server\node_modules\express\lib\router\index.js:175:3)
    at router (D:\version 5.0\server\node_modules\express\lib\router\index.js:47:12)
2026-07-29T08:42:33.873Z Error: Access denied for user 'root'@'localhost' (using password: YES)
    at file:///D:/version%205.0/server/src/routes/publicRoutes.js:161:35
    at Layer.handle [as handle_request] (D:\version 5.0\server\node_modules\express\lib\router\layer.js:95:5)
    at next (D:\version 5.0\server\node_modules\express\lib\router\route.js:149:13)
    at Route.dispatch (D:\version 5.0\server\node_modules\express\lib\router\route.js:119:3)
    at Layer.handle [as handle_request] (D:\version 5.0\server\node_modules\express\lib\router\layer.js:95:5)
    at D:\version 5.0\server\node_modules\express\lib\router\index.js:284:15
    at router.process_params (D:\version 5.0\server\node_modules\express\lib\router\index.js:346:12)
    at next (D:\version 5.0\server\node_modules\express\lib\router\index.js:280:10)
    at router.handle (D:\version 5.0\server\node_modules\express\lib\router\index.js:175:3)
    at router (D:\version 5.0\server\node_modules\express\lib\router\index.js:47:12)
2026-07-29T08:42:33.917Z Error: Access denied for user 'root'@'localhost' (using password: YES)
    at file:///D:/version%205.0/server/src/routes/publicRoutes.js:161:35
    at Layer.handle [as handle_request] (D:\version 5.0\server\node_modules\express\lib\router\layer.js:95:5)
    at next (D:\version 5.0\server\node_modules\express\lib\router\route.js:149:13)
    at Route.dispatch (D:\version 5.0\server\node_modules\express\lib\router\route.js:119:3)
    at Layer.handle [as handle_request] (D:\version 5.0\server\node_modules\express\lib\router\layer.js:95:5)
    at D:\version 5.0\server\node_modules\express\lib\router\index.js:284:15
    at router.process_params (D:\version 5.0\server\node_modules\express\lib\router\index.js:346:12)
    at next (D:\version 5.0\server\node_modules\express\lib\router\index.js:280:10)
    at router.handle (D:\version 5.0\server\node_modules\express\lib\router\index.js:175:3)
    at router (D:\version 5.0\server\node_modules\express\lib\router\index.js:47:12)
2026-07-29T08:42:33.958Z Error: Access denied for user 'root'@'localhost' (using password: YES)
    at file:///D:/version%205.0/server/src/routes/publicRoutes.js:161:35
    at Layer.handle [as handle_request] (D:\version 5.0\server\node_modules\express\lib\router\layer.js:95:5)
    at next (D:\version 5.0\server\node_modules\express\lib\router\route.js:149:13)
    at Route.dispatch (D:\version 5.0\server\node_modules\express\lib\router\route.js:119:3)
    at Layer.handle [as handle_request] (D:\version 5.0\server\node_modules\express\lib\router\layer.js:95:5)
    at D:\version 5.0\server\node_modules\express\lib\router\index.js:284:15
    at router.process_params (D:\version 5.0\server\node_modules\express\lib\router\index.js:346:12)
    at next (D:\version 5.0\server\node_modules\express\lib\router\index.js:280:10)
    at router.handle (D:\version 5.0\server\node_modules\express\lib\router\index.js:175:3)
    at router (D:\version 5.0\server\node_modules\express\lib\router\index.js:47:12)
2026-07-29T08:42:51.882Z Error: Access denied for user 'root'@'localhost' (using password: YES)
    at login (file:///D:/version%205.0/server/src/controllers/authController.js:87:32)
    at Layer.handle [as handle_request] (D:\version 5.0\server\node_modules\express\lib\router\layer.js:95:5)
    at next (D:\version 5.0\server\node_modules\express\lib\router\route.js:149:13)
    at Route.dispatch (D:\version 5.0\server\node_modules\express\lib\router\route.js:119:3)
    at Layer.handle [as handle_request] (D:\version 5.0\server\node_modules\express\lib\router\layer.js:95:5)
    at D:\version 5.0\server\node_modules\express\lib\router\index.js:284:15
    at router.process_params (D:\version 5.0\server\node_modules\express\lib\router\index.js:346:12)
    at next (D:\version 5.0\server\node_modules\express\lib\router\index.js:280:10)
    at router.handle (D:\version 5.0\server\node_modules\express\lib\router\index.js:175:3)
    at router (D:\version 5.0\server\node_modules\express\lib\router\index.js:47:12)
2026-07-29T08:45:53.885Z Error: Unknown database 'new1'
    at login (file:///D:/version%205.0/server/src/controllers/authController.js:87:32)
    at Layer.handle [as handle_request] (D:\version 5.0\server\node_modules\express\lib\router\layer.js:95:5)
    at next (D:\version 5.0\server\node_modules\express\lib\router\route.js:149:13)
    at Route.dispatch (D:\version 5.0\server\node_modules\express\lib\router\route.js:119:3)
    at Layer.handle [as handle_request] (D:\version 5.0\server\node_modules\express\lib\router\layer.js:95:5)
    at D:\version 5.0\server\node_modules\express\lib\router\index.js:284:15
    at router.process_params (D:\version 5.0\server\node_modules\express\lib\router\index.js:346:12)
    at next (D:\version 5.0\server\node_modules\express\lib\router\index.js:280:10)
    at router.handle (D:\version 5.0\server\node_modules\express\lib\router\index.js:175:3)
    at router (D:\version 5.0\server\node_modules\express\lib\router\index.js:47:12)
2026-07-29T08:48:17.578Z Error: Table 'new1.users' doesn't exist
    at register (file:///D:/version%205.0/server/src/controllers/authController.js:26:35)
    at Layer.handle [as handle_request] (D:\version 5.0\server\node_modules\express\lib\router\layer.js:95:5)
    at next (D:\version 5.0\server\node_modules\express\lib\router\route.js:149:13)
    at Route.dispatch (D:\version 5.0\server\node_modules\express\lib\router\route.js:119:3)
    at Layer.handle [as handle_request] (D:\version 5.0\server\node_modules\express\lib\router\layer.js:95:5)
    at D:\version 5.0\server\node_modules\express\lib\router\index.js:284:15
    at router.process_params (D:\version 5.0\server\node_modules\express\lib\router\index.js:346:12)
    at next (D:\version 5.0\server\node_modules\express\lib\router\index.js:280:10)
    at router.handle (D:\version 5.0\server\node_modules\express\lib\router\index.js:175:3)
    at router (D:\version 5.0\server\node_modules\express\lib\router\index.js:47:12)
2026-07-31T11:02:02.344Z Error: Column 'image_url' cannot be null
    at saveVariantsBatch (file:///D:/version%205.0/server/src/controllers/vendorController.js:840:22)
    at process.processTicksAndRejections (node:internal/process/task_queues:104:5)
2026-07-31T11:02:20.763Z Error: Column 'image_url' cannot be null
    at saveVariantsBatch (file:///D:/version%205.0/server/src/controllers/vendorController.js:840:22)
    at process.processTicksAndRejections (node:internal/process/task_queues:104:5)
2026-08-01T13:33:51.033Z Error: Access denied for user 'root'@'localhost' (using password: YES)
    at file:///E:/Version%206.0/server/src/routes/publicRoutes.js:16:37
    at Layer.handle [as handle_request] (E:\Version 6.0\server\node_modules\express\lib\router\layer.js:95:5)
    at next (E:\Version 6.0\server\node_modules\express\lib\router\route.js:149:13)
    at Route.dispatch (E:\Version 6.0\server\node_modules\express\lib\router\route.js:119:3)
    at Layer.handle [as handle_request] (E:\Version 6.0\server\node_modules\express\lib\router\layer.js:95:5)
    at E:\Version 6.0\server\node_modules\express\lib\router\index.js:284:15
    at router.process_params (E:\Version 6.0\server\node_modules\express\lib\router\index.js:346:12)
    at next (E:\Version 6.0\server\node_modules\express\lib\router\index.js:280:10)
    at router.handle (E:\Version 6.0\server\node_modules\express\lib\router\index.js:175:3)
    at router (E:\Version 6.0\server\node_modules\express\lib\router\index.js:47:12)
2026-08-01T13:33:51.041Z Error: Access denied for user 'root'@'localhost' (using password: YES)
    at file:///E:/Version%206.0/server/src/routes/publicRoutes.js:215:30
    at Layer.handle [as handle_request] (E:\Version 6.0\server\node_modules\express\lib\router\layer.js:95:5)
    at next (E:\Version 6.0\server\node_modules\express\lib\router\route.js:149:13)
    at Route.dispatch (E:\Version 6.0\server\node_modules\express\lib\router\route.js:119:3)
    at Layer.handle [as handle_request] (E:\Version 6.0\server\node_modules\express\lib\router\layer.js:95:5)
    at E:\Version 6.0\server\node_modules\express\lib\router\index.js:284:15
    at router.process_params (E:\Version 6.0\server\node_modules\express\lib\router\index.js:346:12)
    at next (E:\Version 6.0\server\node_modules\express\lib\router\index.js:280:10)
    at router.handle (E:\Version 6.0\server\node_modules\express\lib\router\index.js:175:3)
    at router (E:\Version 6.0\server\node_modules\express\lib\router\index.js:47:12)
2026-08-01T13:33:51.047Z Error: Access denied for user 'root'@'localhost' (using password: YES)
    at file:///E:/Version%206.0/server/src/routes/publicRoutes.js:230:37
    at Layer.handle [as handle_request] (E:\Version 6.0\server\node_modules\express\lib\router\layer.js:95:5)
    at next (E:\Version 6.0\server\node_modules\express\lib\router\route.js:149:13)
    at Route.dispatch (E:\Version 6.0\server\node_modules\express\lib\router\route.js:119:3)
    at Layer.handle [as handle_request] (E:\Version 6.0\server\node_modules\express\lib\router\layer.js:95:5)
    at E:\Version 6.0\server\node_modules\express\lib\router\index.js:284:15
    at router.process_params (E:\Version 6.0\server\node_modules\express\lib\router\index.js:346:12)
    at next (E:\Version 6.0\server\node_modules\express\lib\router\index.js:280:10)
    at router.handle (E:\Version 6.0\server\node_modules\express\lib\router\index.js:175:3)
    at router (E:\Version 6.0\server\node_modules\express\lib\router\index.js:47:12)
2026-08-01T13:33:51.050Z Error: Access denied for user 'root'@'localhost' (using password: YES)
    at file:///E:/Version%206.0/server/src/routes/publicRoutes.js:70:35
    at Layer.handle [as handle_request] (E:\Version 6.0\server\node_modules\express\lib\router\layer.js:95:5)
    at next (E:\Version 6.0\server\node_modules\express\lib\router\route.js:149:13)
    at Route.dispatch (E:\Version 6.0\server\node_modules\express\lib\router\route.js:119:3)
    at Layer.handle [as handle_request] (E:\Version 6.0\server\node_modules\express\lib\router\layer.js:95:5)
    at E:\Version 6.0\server\node_modules\express\lib\router\index.js:284:15
    at router.process_params (E:\Version 6.0\server\node_modules\express\lib\router\index.js:346:12)
    at next (E:\Version 6.0\server\node_modules\express\lib\router\index.js:280:10)
    at router.handle (E:\Version 6.0\server\node_modules\express\lib\router\index.js:175:3)
    at router (E:\Version 6.0\server\node_modules\express\lib\router\index.js:47:12)
2026-08-01T13:33:51.081Z Error: Access denied for user 'root'@'localhost' (using password: YES)
    at file:///E:/Version%206.0/server/src/routes/publicRoutes.js:230:37
    at Layer.handle [as handle_request] (E:\Version 6.0\server\node_modules\express\lib\router\layer.js:95:5)
    at next (E:\Version 6.0\server\node_modules\express\lib\router\route.js:149:13)
    at Route.dispatch (E:\Version 6.0\server\node_modules\express\lib\router\route.js:119:3)
    at Layer.handle [as handle_request] (E:\Version 6.0\server\node_modules\express\lib\router\layer.js:95:5)
    at E:\Version 6.0\server\node_modules\express\lib\router\index.js:284:15
    at router.process_params (E:\Version 6.0\server\node_modules\express\lib\router\index.js:346:12)
    at next (E:\Version 6.0\server\node_modules\express\lib\router\index.js:280:10)
    at router.handle (E:\Version 6.0\server\node_modules\express\lib\router\index.js:175:3)
    at router (E:\Version 6.0\server\node_modules\express\lib\router\index.js:47:12)
2026-08-01T13:33:51.084Z Error: Access denied for user 'root'@'localhost' (using password: YES)
    at file:///E:/Version%206.0/server/src/routes/publicRoutes.js:70:35
    at Layer.handle [as handle_request] (E:\Version 6.0\server\node_modules\express\lib\router\layer.js:95:5)
    at next (E:\Version 6.0\server\node_modules\express\lib\router\route.js:149:13)
    at Route.dispatch (E:\Version 6.0\server\node_modules\express\lib\router\route.js:119:3)
    at Layer.handle [as handle_request] (E:\Version 6.0\server\node_modules\express\lib\router\layer.js:95:5)
    at E:\Version 6.0\server\node_modules\express\lib\router\index.js:284:15
    at router.process_params (E:\Version 6.0\server\node_modules\express\lib\router\index.js:346:12)
    at next (E:\Version 6.0\server\node_modules\express\lib\router\index.js:280:10)
    at router.handle (E:\Version 6.0\server\node_modules\express\lib\router\index.js:175:3)
    at router (E:\Version 6.0\server\node_modules\express\lib\router\index.js:47:12)
2026-08-01T13:33:51.086Z Error: Access denied for user 'root'@'localhost' (using password: YES)
    at file:///E:/Version%206.0/server/src/routes/publicRoutes.js:16:37
    at Layer.handle [as handle_request] (E:\Version 6.0\server\node_modules\express\lib\router\layer.js:95:5)
    at next (E:\Version 6.0\server\node_modules\express\lib\router\route.js:149:13)
    at Route.dispatch (E:\Version 6.0\server\node_modules\express\lib\router\route.js:119:3)
    at Layer.handle [as handle_request] (E:\Version 6.0\server\node_modules\express\lib\router\layer.js:95:5)
    at E:\Version 6.0\server\node_modules\express\lib\router\index.js:284:15
    at router.process_params (E:\Version 6.0\server\node_modules\express\lib\router\index.js:346:12)
    at next (E:\Version 6.0\server\node_modules\express\lib\router\index.js:280:10)
    at router.handle (E:\Version 6.0\server\node_modules\express\lib\router\index.js:175:3)
    at router (E:\Version 6.0\server\node_modules\express\lib\router\index.js:47:12)
2026-08-01T13:33:51.092Z Error: Access denied for user 'root'@'localhost' (using password: YES)
    at file:///E:/Version%206.0/server/src/routes/publicRoutes.js:215:30
    at Layer.handle [as handle_request] (E:\Version 6.0\server\node_modules\express\lib\router\layer.js:95:5)
    at next (E:\Version 6.0\server\node_modules\express\lib\router\route.js:149:13)
    at Route.dispatch (E:\Version 6.0\server\node_modules\express\lib\router\route.js:119:3)
    at Layer.handle [as handle_request] (E:\Version 6.0\server\node_modules\express\lib\router\layer.js:95:5)
    at E:\Version 6.0\server\node_modules\express\lib\router\index.js:284:15
    at router.process_params (E:\Version 6.0\server\node_modules\express\lib\router\index.js:346:12)
    at next (E:\Version 6.0\server\node_modules\express\lib\router\index.js:280:10)
    at router.handle (E:\Version 6.0\server\node_modules\express\lib\router\index.js:175:3)
    at router (E:\Version 6.0\server\node_modules\express\lib\router\index.js:47:12)
2026-08-01T13:33:51.101Z Error: Access denied for user 'root'@'localhost' (using password: YES)
    at file:///E:/Version%206.0/server/src/routes/publicRoutes.js:16:37
    at Layer.handle [as handle_request] (E:\Version 6.0\server\node_modules\express\lib\router\layer.js:95:5)
    at next (E:\Version 6.0\server\node_modules\express\lib\router\route.js:149:13)
    at Route.dispatch (E:\Version 6.0\server\node_modules\express\lib\router\route.js:119:3)
    at Layer.handle [as handle_request] (E:\Version 6.0\server\node_modules\express\lib\router\layer.js:95:5)
    at E:\Version 6.0\server\node_modules\express\lib\router\index.js:284:15
    at router.process_params (E:\Version 6.0\server\node_modules\express\lib\router\index.js:346:12)
    at next (E:\Version 6.0\server\node_modules\express\lib\router\index.js:280:10)
    at router.handle (E:\Version 6.0\server\node_modules\express\lib\router\index.js:175:3)
    at router (E:\Version 6.0\server\node_modules\express\lib\router\index.js:47:12)
2026-08-01T13:33:51.116Z Error: Access denied for user 'root'@'localhost' (using password: YES)
    at file:///E:/Version%206.0/server/src/routes/publicRoutes.js:16:37
    at Layer.handle [as handle_request] (E:\Version 6.0\server\node_modules\express\lib\router\layer.js:95:5)
    at next (E:\Version 6.0\server\node_modules\express\lib\router\route.js:149:13)
    at Route.dispatch (E:\Version 6.0\server\node_modules\express\lib\router\route.js:119:3)
    at Layer.handle [as handle_request] (E:\Version 6.0\server\node_modules\express\lib\router\layer.js:95:5)
    at E:\Version 6.0\server\node_modules\express\lib\router\index.js:284:15
    at router.process_params (E:\Version 6.0\server\node_modules\express\lib\router\index.js:346:12)
    at next (E:\Version 6.0\server\node_modules\express\lib\router\index.js:280:10)
    at router.handle (E:\Version 6.0\server\node_modules\express\lib\router\index.js:175:3)
    at router (E:\Version 6.0\server\node_modules\express\lib\router\index.js:47:12)
2026-08-01T13:33:51.162Z Error: Access denied for user 'root'@'localhost' (using password: YES)
    at file:///E:/Version%206.0/server/src/routes/publicRoutes.js:161:35
    at Layer.handle [as handle_request] (E:\Version 6.0\server\node_modules\express\lib\router\layer.js:95:5)
    at next (E:\Version 6.0\server\node_modules\express\lib\router\route.js:149:13)
    at Route.dispatch (E:\Version 6.0\server\node_modules\express\lib\router\route.js:119:3)
    at Layer.handle [as handle_request] (E:\Version 6.0\server\node_modules\express\lib\router\layer.js:95:5)
    at E:\Version 6.0\server\node_modules\express\lib\router\index.js:284:15
    at router.process_params (E:\Version 6.0\server\node_modules\express\lib\router\index.js:346:12)
    at next (E:\Version 6.0\server\node_modules\express\lib\router\index.js:280:10)
    at router.handle (E:\Version 6.0\server\node_modules\express\lib\router\index.js:175:3)
    at router (E:\Version 6.0\server\node_modules\express\lib\router\index.js:47:12)
2026-08-01T13:33:53.309Z Error: Access denied for user 'root'@'localhost' (using password: YES)
    at file:///E:/Version%206.0/server/src/routes/publicRoutes.js:161:35
    at Layer.handle [as handle_request] (E:\Version 6.0\server\node_modules\express\lib\router\layer.js:95:5)
    at next (E:\Version 6.0\server\node_modules\express\lib\router\route.js:149:13)
    at Route.dispatch (E:\Version 6.0\server\node_modules\express\lib\router\route.js:119:3)
    at Layer.handle [as handle_request] (E:\Version 6.0\server\node_modules\express\lib\router\layer.js:95:5)
    at E:\Version 6.0\server\node_modules\express\lib\router\index.js:284:15
    at router.process_params (E:\Version 6.0\server\node_modules\express\lib\router\index.js:346:12)
    at next (E:\Version 6.0\server\node_modules\express\lib\router\index.js:280:10)
    at router.handle (E:\Version 6.0\server\node_modules\express\lib\router\index.js:175:3)
    at router (E:\Version 6.0\server\node_modules\express\lib\router\index.js:47:12)
2026-08-01T13:33:53.417Z Error: Access denied for user 'root'@'localhost' (using password: YES)
    at file:///E:/Version%206.0/server/src/routes/publicRoutes.js:161:35
    at Layer.handle [as handle_request] (E:\Version 6.0\server\node_modules\express\lib\router\layer.js:95:5)
    at next (E:\Version 6.0\server\node_modules\express\lib\router\route.js:149:13)
    at Route.dispatch (E:\Version 6.0\server\node_modules\express\lib\router\route.js:119:3)
    at Layer.handle [as handle_request] (E:\Version 6.0\server\node_modules\express\lib\router\layer.js:95:5)
    at E:\Version 6.0\server\node_modules\express\lib\router\index.js:284:15
    at router.process_params (E:\Version 6.0\server\node_modules\express\lib\router\index.js:346:12)
    at next (E:\Version 6.0\server\node_modules\express\lib\router\index.js:280:10)
    at router.handle (E:\Version 6.0\server\node_modules\express\lib\router\index.js:175:3)
    at router (E:\Version 6.0\server\node_modules\express\lib\router\index.js:47:12)
2026-08-01T13:33:53.452Z Error: Access denied for user 'root'@'localhost' (using password: YES)
    at file:///E:/Version%206.0/server/src/routes/publicRoutes.js:161:35
    at Layer.handle [as handle_request] (E:\Version 6.0\server\node_modules\express\lib\router\layer.js:95:5)
    at next (E:\Version 6.0\server\node_modules\express\lib\router\route.js:149:13)
    at Route.dispatch (E:\Version 6.0\server\node_modules\express\lib\router\route.js:119:3)
    at Layer.handle [as handle_request] (E:\Version 6.0\server\node_modules\express\lib\router\layer.js:95:5)
    at E:\Version 6.0\server\node_modules\express\lib\router\index.js:284:15
    at router.process_params (E:\Version 6.0\server\node_modules\express\lib\router\index.js:346:12)
    at next (E:\Version 6.0\server\node_modules\express\lib\router\index.js:280:10)
    at router.handle (E:\Version 6.0\server\node_modules\express\lib\router\index.js:175:3)
    at router (E:\Version 6.0\server\node_modules\express\lib\router\index.js:47:12)
2026-08-01T13:33:53.486Z Error: Access denied for user 'root'@'localhost' (using password: YES)
    at file:///E:/Version%206.0/server/src/routes/publicRoutes.js:161:35
    at Layer.handle [as handle_request] (E:\Version 6.0\server\node_modules\express\lib\router\layer.js:95:5)
    at next (E:\Version 6.0\server\node_modules\express\lib\router\route.js:149:13)
    at Route.dispatch (E:\Version 6.0\server\node_modules\express\lib\router\route.js:119:3)
    at Layer.handle [as handle_request] (E:\Version 6.0\server\node_modules\express\lib\router\layer.js:95:5)
    at E:\Version 6.0\server\node_modules\express\lib\router\index.js:284:15
    at router.process_params (E:\Version 6.0\server\node_modules\express\lib\router\index.js:346:12)
    at next (E:\Version 6.0\server\node_modules\express\lib\router\index.js:280:10)
    at router.handle (E:\Version 6.0\server\node_modules\express\lib\router\index.js:175:3)
    at router (E:\Version 6.0\server\node_modules\express\lib\router\index.js:47:12)
2026-08-01T13:33:53.516Z Error: Access denied for user 'root'@'localhost' (using password: YES)
    at file:///E:/Version%206.0/server/src/routes/publicRoutes.js:161:35
    at Layer.handle [as handle_request] (E:\Version 6.0\server\node_modules\express\lib\router\layer.js:95:5)
    at next (E:\Version 6.0\server\node_modules\express\lib\router\route.js:149:13)
    at Route.dispatch (E:\Version 6.0\server\node_modules\express\lib\router\route.js:119:3)
    at Layer.handle [as handle_request] (E:\Version 6.0\server\node_modules\express\lib\router\layer.js:95:5)
    at E:\Version 6.0\server\node_modules\express\lib\router\index.js:284:15
    at router.process_params (E:\Version 6.0\server\node_modules\express\lib\router\index.js:346:12)
    at next (E:\Version 6.0\server\node_modules\express\lib\router\index.js:280:10)
    at router.handle (E:\Version 6.0\server\node_modules\express\lib\router\index.js:175:3)
    at router (E:\Version 6.0\server\node_modules\express\lib\router\index.js:47:12)
2026-08-01T13:33:53.545Z Error: Access denied for user 'root'@'localhost' (using password: YES)
    at file:///E:/Version%206.0/server/src/routes/publicRoutes.js:161:35
    at Layer.handle [as handle_request] (E:\Version 6.0\server\node_modules\express\lib\router\layer.js:95:5)
    at next (E:\Version 6.0\server\node_modules\express\lib\router\route.js:149:13)
    at Route.dispatch (E:\Version 6.0\server\node_modules\express\lib\router\route.js:119:3)
    at Layer.handle [as handle_request] (E:\Version 6.0\server\node_modules\express\lib\router\layer.js:95:5)
    at E:\Version 6.0\server\node_modules\express\lib\router\index.js:284:15
    at router.process_params (E:\Version 6.0\server\node_modules\express\lib\router\index.js:346:12)
    at next (E:\Version 6.0\server\node_modules\express\lib\router\index.js:280:10)
    at router.handle (E:\Version 6.0\server\node_modules\express\lib\router\index.js:175:3)
    at router (E:\Version 6.0\server\node_modules\express\lib\router\index.js:47:12)
2026-08-01T13:33:53.575Z Error: Access denied for user 'root'@'localhost' (using password: YES)
    at file:///E:/Version%206.0/server/src/routes/publicRoutes.js:161:35
    at Layer.handle [as handle_request] (E:\Version 6.0\server\node_modules\express\lib\router\layer.js:95:5)
    at next (E:\Version 6.0\server\node_modules\express\lib\router\route.js:149:13)
    at Route.dispatch (E:\Version 6.0\server\node_modules\express\lib\router\route.js:119:3)
    at Layer.handle [as handle_request] (E:\Version 6.0\server\node_modules\express\lib\router\layer.js:95:5)
    at E:\Version 6.0\server\node_modules\express\lib\router\index.js:284:15
    at router.process_params (E:\Version 6.0\server\node_modules\express\lib\router\index.js:346:12)
    at next (E:\Version 6.0\server\node_modules\express\lib\router\index.js:280:10)
    at router.handle (E:\Version 6.0\server\node_modules\express\lib\router\index.js:175:3)
    at router (E:\Version 6.0\server\node_modules\express\lib\router\index.js:47:12)
2026-08-01T13:33:53.607Z Error: Access denied for user 'root'@'localhost' (using password: YES)
    at file:///E:/Version%206.0/server/src/routes/publicRoutes.js:161:35
    at Layer.handle [as handle_request] (E:\Version 6.0\server\node_modules\express\lib\router\layer.js:95:5)
    at next (E:\Version 6.0\server\node_modules\express\lib\router\route.js:149:13)
    at Route.dispatch (E:\Version 6.0\server\node_modules\express\lib\router\route.js:119:3)
    at Layer.handle [as handle_request] (E:\Version 6.0\server\node_modules\express\lib\router\layer.js:95:5)
    at E:\Version 6.0\server\node_modules\express\lib\router\index.js:284:15
    at router.process_params (E:\Version 6.0\server\node_modules\express\lib\router\index.js:346:12)
    at next (E:\Version 6.0\server\node_modules\express\lib\router\index.js:280:10)
    at router.handle (E:\Version 6.0\server\node_modules\express\lib\router\index.js:175:3)
    at router (E:\Version 6.0\server\node_modules\express\lib\router\index.js:47:12)
2026-08-01T13:33:53.723Z Error: Access denied for user 'root'@'localhost' (using password: YES)
    at file:///E:/Version%206.0/server/src/routes/publicRoutes.js:161:35
    at Layer.handle [as handle_request] (E:\Version 6.0\server\node_modules\express\lib\router\layer.js:95:5)
    at next (E:\Version 6.0\server\node_modules\express\lib\router\route.js:149:13)
    at Route.dispatch (E:\Version 6.0\server\node_modules\express\lib\router\route.js:119:3)
    at Layer.handle [as handle_request] (E:\Version 6.0\server\node_modules\express\lib\router\layer.js:95:5)
    at E:\Version 6.0\server\node_modules\express\lib\router\index.js:284:15
    at router.process_params (E:\Version 6.0\server\node_modules\express\lib\router\index.js:346:12)
    at next (E:\Version 6.0\server\node_modules\express\lib\router\index.js:280:10)
    at router.handle (E:\Version 6.0\server\node_modules\express\lib\router\index.js:175:3)
    at router (E:\Version 6.0\server\node_modules\express\lib\router\index.js:47:12)
2026-08-01T13:33:53.767Z Error: Access denied for user 'root'@'localhost' (using password: YES)
    at file:///E:/Version%206.0/server/src/routes/publicRoutes.js:161:35
    at Layer.handle [as handle_request] (E:\Version 6.0\server\node_modules\express\lib\router\layer.js:95:5)
    at next (E:\Version 6.0\server\node_modules\express\lib\router\route.js:149:13)
    at Route.dispatch (E:\Version 6.0\server\node_modules\express\lib\router\route.js:119:3)
    at Layer.handle [as handle_request] (E:\Version 6.0\server\node_modules\express\lib\router\layer.js:95:5)
    at E:\Version 6.0\server\node_modules\express\lib\router\index.js:284:15
    at router.process_params (E:\Version 6.0\server\node_modules\express\lib\router\index.js:346:12)
    at next (E:\Version 6.0\server\node_modules\express\lib\router\index.js:280:10)
    at router.handle (E:\Version 6.0\server\node_modules\express\lib\router\index.js:175:3)
    at router (E:\Version 6.0\server\node_modules\express\lib\router\index.js:47:12)
2026-08-01T13:33:53.813Z Error: Access denied for user 'root'@'localhost' (using password: YES)
    at file:///E:/Version%206.0/server/src/routes/publicRoutes.js:161:35
    at Layer.handle [as handle_request] (E:\Version 6.0\server\node_modules\express\lib\router\layer.js:95:5)
    at next (E:\Version 6.0\server\node_modules\express\lib\router\route.js:149:13)
    at Route.dispatch (E:\Version 6.0\server\node_modules\express\lib\router\route.js:119:3)
    at Layer.handle [as handle_request] (E:\Version 6.0\server\node_modules\express\lib\router\layer.js:95:5)
    at E:\Version 6.0\server\node_modules\express\lib\router\index.js:284:15
    at router.process_params (E:\Version 6.0\server\node_modules\express\lib\router\index.js:346:12)
    at next (E:\Version 6.0\server\node_modules\express\lib\router\index.js:280:10)
    at router.handle (E:\Version 6.0\server\node_modules\express\lib\router\index.js:175:3)
    at router (E:\Version 6.0\server\node_modules\express\lib\router\index.js:47:12)
2026-08-01T13:33:53.851Z Error: Access denied for user 'root'@'localhost' (using password: YES)
    at file:///E:/Version%206.0/server/src/routes/publicRoutes.js:161:35
    at Layer.handle [as handle_request] (E:\Version 6.0\server\node_modules\express\lib\router\layer.js:95:5)
    at next (E:\Version 6.0\server\node_modules\express\lib\router\route.js:149:13)
    at Route.dispatch (E:\Version 6.0\server\node_modules\express\lib\router\route.js:119:3)
    at Layer.handle [as handle_request] (E:\Version 6.0\server\node_modules\express\lib\router\layer.js:95:5)
    at E:\Version 6.0\server\node_modules\express\lib\router\index.js:284:15
    at router.process_params (E:\Version 6.0\server\node_modules\express\lib\router\index.js:346:12)
    at next (E:\Version 6.0\server\node_modules\express\lib\router\index.js:280:10)
    at router.handle (E:\Version 6.0\server\node_modules\express\lib\router\index.js:175:3)
    at router (E:\Version 6.0\server\node_modules\express\lib\router\index.js:47:12)
2026-08-01T13:33:53.882Z Error: Access denied for user 'root'@'localhost' (using password: YES)
    at file:///E:/Version%206.0/server/src/routes/publicRoutes.js:161:35
    at Layer.handle [as handle_request] (E:\Version 6.0\server\node_modules\express\lib\router\layer.js:95:5)
    at next (E:\Version 6.0\server\node_modules\express\lib\router\route.js:149:13)
    at Route.dispatch (E:\Version 6.0\server\node_modules\express\lib\router\route.js:119:3)
    at Layer.handle [as handle_request] (E:\Version 6.0\server\node_modules\express\lib\router\layer.js:95:5)
    at E:\Version 6.0\server\node_modules\express\lib\router\index.js:284:15
    at router.process_params (E:\Version 6.0\server\node_modules\express\lib\router\index.js:346:12)
    at next (E:\Version 6.0\server\node_modules\express\lib\router\index.js:280:10)
    at router.handle (E:\Version 6.0\server\node_modules\express\lib\router\index.js:175:3)
    at router (E:\Version 6.0\server\node_modules\express\lib\router\index.js:47:12)
2026-08-01T13:33:53.908Z Error: Access denied for user 'root'@'localhost' (using password: YES)
    at file:///E:/Version%206.0/server/src/routes/publicRoutes.js:161:35
    at Layer.handle [as handle_request] (E:\Version 6.0\server\node_modules\express\lib\router\layer.js:95:5)
    at next (E:\Version 6.0\server\node_modules\express\lib\router\route.js:149:13)
    at Route.dispatch (E:\Version 6.0\server\node_modules\express\lib\router\route.js:119:3)
    at Layer.handle [as handle_request] (E:\Version 6.0\server\node_modules\express\lib\router\layer.js:95:5)
    at E:\Version 6.0\server\node_modules\express\lib\router\index.js:284:15
    at router.process_params (E:\Version 6.0\server\node_modules\express\lib\router\index.js:346:12)
    at next (E:\Version 6.0\server\node_modules\express\lib\router\index.js:280:10)
    at router.handle (E:\Version 6.0\server\node_modules\express\lib\router\index.js:175:3)
    at router (E:\Version 6.0\server\node_modules\express\lib\router\index.js:47:12)
2026-08-01T13:33:53.940Z Error: Access denied for user 'root'@'localhost' (using password: YES)
    at file:///E:/Version%206.0/server/src/routes/publicRoutes.js:161:35
    at Layer.handle [as handle_request] (E:\Version 6.0\server\node_modules\express\lib\router\layer.js:95:5)
    at next (E:\Version 6.0\server\node_modules\express\lib\router\route.js:149:13)
    at Route.dispatch (E:\Version 6.0\server\node_modules\express\lib\router\route.js:119:3)
    at Layer.handle [as handle_request] (E:\Version 6.0\server\node_modules\express\lib\router\layer.js:95:5)
    at E:\Version 6.0\server\node_modules\express\lib\router\index.js:284:15
    at router.process_params (E:\Version 6.0\server\node_modules\express\lib\router\index.js:346:12)
    at next (E:\Version 6.0\server\node_modules\express\lib\router\index.js:280:10)
    at router.handle (E:\Version 6.0\server\node_modules\express\lib\router\index.js:175:3)
    at router (E:\Version 6.0\server\node_modules\express\lib\router\index.js:47:12)
2026-08-01T13:33:53.974Z Error: Access denied for user 'root'@'localhost' (using password: YES)
    at file:///E:/Version%206.0/server/src/routes/publicRoutes.js:161:35
    at Layer.handle [as handle_request] (E:\Version 6.0\server\node_modules\express\lib\router\layer.js:95:5)
    at next (E:\Version 6.0\server\node_modules\express\lib\router\route.js:149:13)
    at Route.dispatch (E:\Version 6.0\server\node_modules\express\lib\router\route.js:119:3)
    at Layer.handle [as handle_request] (E:\Version 6.0\server\node_modules\express\lib\router\layer.js:95:5)
    at E:\Version 6.0\server\node_modules\express\lib\router\index.js:284:15
    at router.process_params (E:\Version 6.0\server\node_modules\express\lib\router\index.js:346:12)
    at next (E:\Version 6.0\server\node_modules\express\lib\router\index.js:280:10)
    at router.handle (E:\Version 6.0\server\node_modules\express\lib\router\index.js:175:3)
    at router (E:\Version 6.0\server\node_modules\express\lib\router\index.js:47:12)
2026-08-01T13:33:54.050Z Error: Access denied for user 'root'@'localhost' (using password: YES)
    at file:///E:/Version%206.0/server/src/routes/publicRoutes.js:161:35
    at Layer.handle [as handle_request] (E:\Version 6.0\server\node_modules\express\lib\router\layer.js:95:5)
    at next (E:\Version 6.0\server\node_modules\express\lib\router\route.js:149:13)
    at Route.dispatch (E:\Version 6.0\server\node_modules\express\lib\router\route.js:119:3)
    at Layer.handle [as handle_request] (E:\Version 6.0\server\node_modules\express\lib\router\layer.js:95:5)
    at E:\Version 6.0\server\node_modules\express\lib\router\index.js:284:15
    at router.process_params (E:\Version 6.0\server\node_modules\express\lib\router\index.js:346:12)
    at next (E:\Version 6.0\server\node_modules\express\lib\router\index.js:280:10)
    at router.handle (E:\Version 6.0\server\node_modules\express\lib\router\index.js:175:3)
    at router (E:\Version 6.0\server\node_modules\express\lib\router\index.js:47:12)
2026-08-01T13:33:54.078Z Error: Access denied for user 'root'@'localhost' (using password: YES)
    at file:///E:/Version%206.0/server/src/routes/publicRoutes.js:161:35
    at Layer.handle [as handle_request] (E:\Version 6.0\server\node_modules\express\lib\router\layer.js:95:5)
    at next (E:\Version 6.0\server\node_modules\express\lib\router\route.js:149:13)
    at Route.dispatch (E:\Version 6.0\server\node_modules\express\lib\router\route.js:119:3)
    at Layer.handle [as handle_request] (E:\Version 6.0\server\node_modules\express\lib\router\layer.js:95:5)
    at E:\Version 6.0\server\node_modules\express\lib\router\index.js:284:15
    at router.process_params (E:\Version 6.0\server\node_modules\express\lib\router\index.js:346:12)
    at next (E:\Version 6.0\server\node_modules\express\lib\router\index.js:280:10)
    at router.handle (E:\Version 6.0\server\node_modules\express\lib\router\index.js:175:3)
    at router (E:\Version 6.0\server\node_modules\express\lib\router\index.js:47:12)
2026-08-01T13:33:54.162Z Error: Access denied for user 'root'@'localhost' (using password: YES)
    at file:///E:/Version%206.0/server/src/routes/publicRoutes.js:161:35
    at Layer.handle [as handle_request] (E:\Version 6.0\server\node_modules\express\lib\router\layer.js:95:5)
    at next (E:\Version 6.0\server\node_modules\express\lib\router\route.js:149:13)
    at Route.dispatch (E:\Version 6.0\server\node_modules\express\lib\router\route.js:119:3)
    at Layer.handle [as handle_request] (E:\Version 6.0\server\node_modules\express\lib\router\layer.js:95:5)
    at E:\Version 6.0\server\node_modules\express\lib\router\index.js:284:15
    at router.process_params (E:\Version 6.0\server\node_modules\express\lib\router\index.js:346:12)
    at next (E:\Version 6.0\server\node_modules\express\lib\router\index.js:280:10)
    at router.handle (E:\Version 6.0\server\node_modules\express\lib\router\index.js:175:3)
    at router (E:\Version 6.0\server\node_modules\express\lib\router\index.js:47:12)
2026-08-01T13:33:54.190Z Error: Access denied for user 'root'@'localhost' (using password: YES)
    at file:///E:/Version%206.0/server/src/routes/publicRoutes.js:161:35
    at Layer.handle [as handle_request] (E:\Version 6.0\server\node_modules\express\lib\router\layer.js:95:5)
    at next (E:\Version 6.0\server\node_modules\express\lib\router\route.js:149:13)
    at Route.dispatch (E:\Version 6.0\server\node_modules\express\lib\router\route.js:119:3)
    at Layer.handle [as handle_request] (E:\Version 6.0\server\node_modules\express\lib\router\layer.js:95:5)
    at E:\Version 6.0\server\node_modules\express\lib\router\index.js:284:15
    at router.process_params (E:\Version 6.0\server\node_modules\express\lib\router\index.js:346:12)
    at next (E:\Version 6.0\server\node_modules\express\lib\router\index.js:280:10)
    at router.handle (E:\Version 6.0\server\node_modules\express\lib\router\index.js:175:3)
    at router (E:\Version 6.0\server\node_modules\express\lib\router\index.js:47:12)
2026-08-01T13:33:54.253Z Error: Access denied for user 'root'@'localhost' (using password: YES)
    at file:///E:/Version%206.0/server/src/routes/publicRoutes.js:161:35
    at Layer.handle [as handle_request] (E:\Version 6.0\server\node_modules\express\lib\router\layer.js:95:5)
    at next (E:\Version 6.0\server\node_modules\express\lib\router\route.js:149:13)
    at Route.dispatch (E:\Version 6.0\server\node_modules\express\lib\router\route.js:119:3)
    at Layer.handle [as handle_request] (E:\Version 6.0\server\node_modules\express\lib\router\layer.js:95:5)
    at E:\Version 6.0\server\node_modules\express\lib\router\index.js:284:15
    at router.process_params (E:\Version 6.0\server\node_modules\express\lib\router\index.js:346:12)
    at next (E:\Version 6.0\server\node_modules\express\lib\router\index.js:280:10)
    at router.handle (E:\Version 6.0\server\node_modules\express\lib\router\index.js:175:3)
    at router (E:\Version 6.0\server\node_modules\express\lib\router\index.js:47:12)
2026-08-01T13:33:54.276Z Error: Access denied for user 'root'@'localhost' (using password: YES)
    at file:///E:/Version%206.0/server/src/routes/publicRoutes.js:161:35
    at Layer.handle [as handle_request] (E:\Version 6.0\server\node_modules\express\lib\router\layer.js:95:5)
    at next (E:\Version 6.0\server\node_modules\express\lib\router\route.js:149:13)
    at Route.dispatch (E:\Version 6.0\server\node_modules\express\lib\router\route.js:119:3)
    at Layer.handle [as handle_request] (E:\Version 6.0\server\node_modules\express\lib\router\layer.js:95:5)
    at E:\Version 6.0\server\node_modules\express\lib\router\index.js:284:15
    at router.process_params (E:\Version 6.0\server\node_modules\express\lib\router\index.js:346:12)
    at next (E:\Version 6.0\server\node_modules\express\lib\router\index.js:280:10)
    at router.handle (E:\Version 6.0\server\node_modules\express\lib\router\index.js:175:3)
    at router (E:\Version 6.0\server\node_modules\express\lib\router\index.js:47:12)
2026-08-01T13:35:44.821Z Error: Access denied for user 'root'@'localhost' (using password: YES)
    at file:///E:/Version%206.0/server/src/routes/publicRoutes.js:161:35
    at Layer.handle [as handle_request] (E:\Version 6.0\server\node_modules\express\lib\router\layer.js:95:5)
    at next (E:\Version 6.0\server\node_modules\express\lib\router\route.js:149:13)
    at Route.dispatch (E:\Version 6.0\server\node_modules\express\lib\router\route.js:119:3)
    at Layer.handle [as handle_request] (E:\Version 6.0\server\node_modules\express\lib\router\layer.js:95:5)
    at E:\Version 6.0\server\node_modules\express\lib\router\index.js:284:15
    at router.process_params (E:\Version 6.0\server\node_modules\express\lib\router\index.js:346:12)
    at next (E:\Version 6.0\server\node_modules\express\lib\router\index.js:280:10)
    at router.handle (E:\Version 6.0\server\node_modules\express\lib\router\index.js:175:3)
    at router (E:\Version 6.0\server\node_modules\express\lib\router\index.js:47:12)
2026-08-01T13:35:45.274Z Error: Access denied for user 'root'@'localhost' (using password: YES)
    at file:///E:/Version%206.0/server/src/routes/publicRoutes.js:161:35
    at Layer.handle [as handle_request] (E:\Version 6.0\server\node_modules\express\lib\router\layer.js:95:5)
    at next (E:\Version 6.0\server\node_modules\express\lib\router\route.js:149:13)
    at Route.dispatch (E:\Version 6.0\server\node_modules\express\lib\router\route.js:119:3)
    at Layer.handle [as handle_request] (E:\Version 6.0\server\node_modules\express\lib\router\layer.js:95:5)
    at E:\Version 6.0\server\node_modules\express\lib\router\index.js:284:15
    at router.process_params (E:\Version 6.0\server\node_modules\express\lib\router\index.js:346:12)
    at next (E:\Version 6.0\server\node_modules\express\lib\router\index.js:280:10)
    at router.handle (E:\Version 6.0\server\node_modules\express\lib\router\index.js:175:3)
    at router (E:\Version 6.0\server\node_modules\express\lib\router\index.js:47:12)
2026-08-01T13:35:46.262Z Error: Access denied for user 'root'@'localhost' (using password: YES)
    at file:///E:/Version%206.0/server/src/routes/publicRoutes.js:161:35
    at Layer.handle [as handle_request] (E:\Version 6.0\server\node_modules\express\lib\router\layer.js:95:5)
    at next (E:\Version 6.0\server\node_modules\express\lib\router\route.js:149:13)
    at Route.dispatch (E:\Version 6.0\server\node_modules\express\lib\router\route.js:119:3)
    at Layer.handle [as handle_request] (E:\Version 6.0\server\node_modules\express\lib\router\layer.js:95:5)
    at E:\Version 6.0\server\node_modules\express\lib\router\index.js:284:15
    at router.process_params (E:\Version 6.0\server\node_modules\express\lib\router\index.js:346:12)
    at next (E:\Version 6.0\server\node_modules\express\lib\router\index.js:280:10)
    at router.handle (E:\Version 6.0\server\node_modules\express\lib\router\index.js:175:3)
    at router (E:\Version 6.0\server\node_modules\express\lib\router\index.js:47:12)
2026-08-01T13:35:48.225Z Error: Access denied for user 'root'@'localhost' (using password: YES)
    at file:///E:/Version%206.0/server/src/routes/publicRoutes.js:161:35
    at Layer.handle [as handle_request] (E:\Version 6.0\server\node_modules\express\lib\router\layer.js:95:5)
    at next (E:\Version 6.0\server\node_modules\express\lib\router\route.js:149:13)
    at Route.dispatch (E:\Version 6.0\server\node_modules\express\lib\router\route.js:119:3)
    at Layer.handle [as handle_request] (E:\Version 6.0\server\node_modules\express\lib\router\layer.js:95:5)
    at E:\Version 6.0\server\node_modules\express\lib\router\index.js:284:15
    at router.process_params (E:\Version 6.0\server\node_modules\express\lib\router\index.js:346:12)
    at next (E:\Version 6.0\server\node_modules\express\lib\router\index.js:280:10)
    at router.handle (E:\Version 6.0\server\node_modules\express\lib\router\index.js:175:3)
    at router (E:\Version 6.0\server\node_modules\express\lib\router\index.js:47:12)
2026-08-01T13:35:48.245Z Error: Access denied for user 'root'@'localhost' (using password: YES)
    at file:///E:/Version%206.0/server/src/routes/publicRoutes.js:161:35
    at Layer.handle [as handle_request] (E:\Version 6.0\server\node_modules\express\lib\router\layer.js:95:5)
    at next (E:\Version 6.0\server\node_modules\express\lib\router\route.js:149:13)
    at Route.dispatch (E:\Version 6.0\server\node_modules\express\lib\router\route.js:119:3)
    at Layer.handle [as handle_request] (E:\Version 6.0\server\node_modules\express\lib\router\layer.js:95:5)
    at E:\Version 6.0\server\node_modules\express\lib\router\index.js:284:15
    at router.process_params (E:\Version 6.0\server\node_modules\express\lib\router\index.js:346:12)
    at next (E:\Version 6.0\server\node_modules\express\lib\router\index.js:280:10)
    at router.handle (E:\Version 6.0\server\node_modules\express\lib\router\index.js:175:3)
    at router (E:\Version 6.0\server\node_modules\express\lib\router\index.js:47:12)
2026-08-01T13:35:48.841Z Error: Access denied for user 'root'@'localhost' (using password: YES)
    at file:///E:/Version%206.0/server/src/routes/publicRoutes.js:161:35
    at Layer.handle [as handle_request] (E:\Version 6.0\server\node_modules\express\lib\router\layer.js:95:5)
    at next (E:\Version 6.0\server\node_modules\express\lib\router\route.js:149:13)
    at Route.dispatch (E:\Version 6.0\server\node_modules\express\lib\router\route.js:119:3)
    at Layer.handle [as handle_request] (E:\Version 6.0\server\node_modules\express\lib\router\layer.js:95:5)
    at E:\Version 6.0\server\node_modules\express\lib\router\index.js:284:15
    at router.process_params (E:\Version 6.0\server\node_modules\express\lib\router\index.js:346:12)
    at next (E:\Version 6.0\server\node_modules\express\lib\router\index.js:280:10)
    at router.handle (E:\Version 6.0\server\node_modules\express\lib\router\index.js:175:3)
    at router (E:\Version 6.0\server\node_modules\express\lib\router\index.js:47:12)
2026-08-04T06:13:00.648Z ReferenceError: service is not defined
    at getServiceById (file:///D:/monday%2003.08/server/src/controllers/serviceController.js:288:23)
    at process.processTicksAndRejections (node:internal/process/task_queues:104:5)
2026-08-04T06:13:00.670Z ReferenceError: service is not defined
    at getServiceById (file:///D:/monday%2003.08/server/src/controllers/serviceController.js:288:23)
    at process.processTicksAndRejections (node:internal/process/task_queues:104:5)
2026-08-04T06:13:09.191Z ReferenceError: service is not defined
    at getServiceById (file:///D:/monday%2003.08/server/src/controllers/serviceController.js:288:23)
    at process.processTicksAndRejections (node:internal/process/task_queues:104:5)
2026-08-04T06:13:09.205Z ReferenceError: service is not defined
    at getServiceById (file:///D:/monday%2003.08/server/src/controllers/serviceController.js:288:23)
    at process.processTicksAndRejections (node:internal/process/task_queues:104:5)
2026-08-04T11:26:29.754Z Error: Data truncated for column 'item_status' at row 1
    at updateReturnStatus (file:///D:/monday%2003.08/server/src/controllers/returnController.js:341:24)
    at process.processTicksAndRejections (node:internal/process/task_queues:104:5)
2026-08-04T11:27:44.009Z Error: Data truncated for column 'item_status' at row 1
    at updateReturnStatus (file:///D:/monday%2003.08/server/src/controllers/returnController.js:341:24)
    at process.processTicksAndRejections (node:internal/process/task_queues:104:5)
2026-08-05T09:45:01.939Z Error: Cannot delete or update a parent row: a foreign key constraint fails (`user1`.`order_items`, CONSTRAINT `order_items_ibfk_2` FOREIGN KEY (`product_id`) REFERENCES `products` (`id`) ON DELETE RESTRICT)
    at deleteProduct (file:///D:/monday%2003.08/server/src/controllers/vendorController.js:480:33)
    at Layer.handle [as handle_request] (D:\monday 03.08\server\node_modules\express\lib\router\layer.js:95:5)
    at next (D:\monday 03.08\server\node_modules\express\lib\router\route.js:149:13)
    at Route.dispatch (D:\monday 03.08\server\node_modules\express\lib\router\route.js:119:3)
    at Layer.handle [as handle_request] (D:\monday 03.08\server\node_modules\express\lib\router\layer.js:95:5)
    at D:\monday 03.08\server\node_modules\express\lib\router\index.js:284:15
    at param (D:\monday 03.08\server\node_modules\express\lib\router\index.js:365:14)
    at param (D:\monday 03.08\server\node_modules\express\lib\router\index.js:376:14)
    at router.process_params (D:\monday 03.08\server\node_modules\express\lib\router\index.js:421:3)
    at next (D:\monday 03.08\server\node_modules\express\lib\router\index.js:280:10)
2026-08-05T09:45:19.872Z Error: Cannot delete or update a parent row: a foreign key constraint fails (`user1`.`order_items`, CONSTRAINT `order_items_ibfk_2` FOREIGN KEY (`product_id`) REFERENCES `products` (`id`) ON DELETE RESTRICT)
    at deleteProduct (file:///D:/monday%2003.08/server/src/controllers/vendorController.js:480:33)
    at Layer.handle [as handle_request] (D:\monday 03.08\server\node_modules\express\lib\router\layer.js:95:5)
    at next (D:\monday 03.08\server\node_modules\express\lib\router\route.js:149:13)
    at Route.dispatch (D:\monday 03.08\server\node_modules\express\lib\router\route.js:119:3)
    at Layer.handle [as handle_request] (D:\monday 03.08\server\node_modules\express\lib\router\layer.js:95:5)
    at D:\monday 03.08\server\node_modules\express\lib\router\index.js:284:15
    at param (D:\monday 03.08\server\node_modules\express\lib\router\index.js:365:14)
    at param (D:\monday 03.08\server\node_modules\express\lib\router\index.js:376:14)
    at router.process_params (D:\monday 03.08\server\node_modules\express\lib\router\index.js:421:3)
    at next (D:\monday 03.08\server\node_modules\express\lib\router\index.js:280:10)
2026-08-05T09:48:07.645Z Error: Cannot delete or update a parent row: a foreign key constraint fails (`user1`.`order_items`, CONSTRAINT `order_items_ibfk_2` FOREIGN KEY (`product_id`) REFERENCES `products` (`id`) ON DELETE RESTRICT)
    at deleteProduct (file:///D:/monday%2003.08/server/src/controllers/vendorController.js:480:33)
    at Layer.handle [as handle_request] (D:\monday 03.08\server\node_modules\express\lib\router\layer.js:95:5)
    at next (D:\monday 03.08\server\node_modules\express\lib\router\route.js:149:13)
    at Route.dispatch (D:\monday 03.08\server\node_modules\express\lib\router\route.js:119:3)
    at Layer.handle [as handle_request] (D:\monday 03.08\server\node_modules\express\lib\router\layer.js:95:5)
    at D:\monday 03.08\server\node_modules\express\lib\router\index.js:284:15
    at param (D:\monday 03.08\server\node_modules\express\lib\router\index.js:365:14)
    at param (D:\monday 03.08\server\node_modules\express\lib\router\index.js:376:14)
    at router.process_params (D:\monday 03.08\server\node_modules\express\lib\router\index.js:421:3)
    at next (D:\monday 03.08\server\node_modules\express\lib\router\index.js:280:10)
2026-08-05T09:48:57.780Z Error: Cannot delete or update a parent row: a foreign key constraint fails (`user1`.`order_items`, CONSTRAINT `order_items_ibfk_2` FOREIGN KEY (`product_id`) REFERENCES `products` (`id`) ON DELETE RESTRICT)
    at deleteProduct (file:///D:/monday%2003.08/server/src/controllers/vendorController.js:480:33)
    at Layer.handle [as handle_request] (D:\monday 03.08\server\node_modules\express\lib\router\layer.js:95:5)
    at next (D:\monday 03.08\server\node_modules\express\lib\router\route.js:149:13)
    at Route.dispatch (D:\monday 03.08\server\node_modules\express\lib\router\route.js:119:3)
    at Layer.handle [as handle_request] (D:\monday 03.08\server\node_modules\express\lib\router\layer.js:95:5)
    at D:\monday 03.08\server\node_modules\express\lib\router\index.js:284:15
    at param (D:\monday 03.08\server\node_modules\express\lib\router\index.js:365:14)
    at param (D:\monday 03.08\server\node_modules\express\lib\router\index.js:376:14)
    at router.process_params (D:\monday 03.08\server\node_modules\express\lib\router\index.js:421:3)
    at next (D:\monday 03.08\server\node_modules\express\lib\router\index.js:280:10)
2026-08-05T09:56:38.165Z Error: Cannot delete or update a parent row: a foreign key constraint fails (`user1`.`orders`, CONSTRAINT `orders_ibfk_2` FOREIGN KEY (`shipping_address_id`) REFERENCES `addresses` (`id`) ON DELETE RESTRICT)
    at deleteUser (file:///D:/monday%2003.08/server/src/controllers/adminController.js:520:33)
    at process.processTicksAndRejections (node:internal/process/task_queues:104:5)
2026-08-05T10:16:25.774Z Error: Duplicate entry 'GEN-T-S-POL-975-AMAZONBRANDSYMBOLMENSCOTTONRICHSOLIDPOLOTSHIRTCO' for key 'variants.sku'
    at saveVariantsBatch (file:///D:/monday%2003.08/server/src/controllers/vendorController.js:845:37)
    at process.processTicksAndRejections (node:internal/process/task_queues:104:5)
2026-08-05T10:28:14.157Z Error: Duplicate entry 'GEN-T-S-POL-975-AMAZONBRANDSYMBOLMENSCOTTONRICHSOLIDPOLOTSHIRTCO' for key 'variants.sku'
    at saveVariantsBatch (file:///D:/monday%2003.08/server/src/controllers/vendorController.js:895:20)
    at process.processTicksAndRejections (node:internal/process/task_queues:104:5)
2026-08-05T10:29:04.235Z Error: Duplicate entry 'GEN-T-S-POL-975-AMAZONBRANDSYMBOLMENSCOTTONRICHSOLIDPOLOTSHIRTCO' for key 'variants.sku'
    at saveVariantsBatch (file:///D:/monday%2003.08/server/src/controllers/vendorController.js:895:20)
    at process.processTicksAndRejections (node:internal/process/task_queues:104:5)
2026-08-05T10:29:13.985Z Error: Duplicate entry 'GEN-T-S-POL-975-AMAZONBRANDSYMBOLMENSCOTTONRICHSOLIDPOLOTSHIRTCO' for key 'variants.sku'
    at saveVariantsBatch (file:///D:/monday%2003.08/server/src/controllers/vendorController.js:895:20)
    at process.processTicksAndRejections (node:internal/process/task_queues:104:5)
2026-08-05T10:30:34.859Z Error: Duplicate entry 'GEN-T-S-POL-975-AMAZONBRANDSYMBOLMENSCOTTONRICHSOLIDPOLOTSHIRTCO' for key 'variants.sku'
    at saveVariantsBatch (file:///D:/monday%2003.08/server/src/controllers/vendorController.js:895:20)
    at process.processTicksAndRejections (node:internal/process/task_queues:104:5)
2026-08-05T10:34:24.007Z Error: Duplicate entry 'GEN-T-S-POL-975-AMAZONBRANDSYMBOLMENSCOTTONRICHSOLIDPOLOTSHIRTCO' for key 'variants.sku'
    at saveVariantsBatch (file:///D:/monday%2003.08/server/src/controllers/vendorController.js:913:20)
    at process.processTicksAndRejections (node:internal/process/task_queues:104:5)
2026-08-05T10:35:41.566Z Error: Duplicate entry 'GEN-T-S-POL-975-AMAZONBRANDSYMBOLMENSCOTTONRICHSOLIDPOLOTSHIRTCO' for key 'variants.sku'
    at saveVariantsBatch (file:///D:/monday%2003.08/server/src/controllers/vendorController.js:913:20)
    at process.processTicksAndRejections (node:internal/process/task_queues:104:5)
2026-08-05T10:41:07.458Z Error: Duplicate entry 'GEN-T-S-POL-975-AMAZONBRANDSYMBOLMENSCOTTONRICHSOLIDPOLOTSHIRTCO' for key 'variants.sku'
    at saveVariantsBatch (file:///D:/monday%2003.08/server/src/controllers/vendorController.js:913:20)
    at process.processTicksAndRejections (node:internal/process/task_queues:104:5)
2026-08-05T10:44:27.978Z Error: Duplicate entry 'GEN-T-S-POL-975-AMAZONBRANDSYMBOLMENSCOTTONRICHSOLIDPOLOTSHIRTCO' for key 'variants.sku'
    at saveVariantsBatch (file:///D:/monday%2003.08/server/src/controllers/vendorController.js:913:20)
    at process.processTicksAndRejections (node:internal/process/task_queues:104:5)
2026-08-05T10:49:44.995Z Error: Duplicate entry 'GEN-T-S-POL-975-AMAZONBRANDSYMBOLMENSCOTTONRICHSOLIDPOLOTSHIRTCO' for key 'variants.sku'
    at saveVariantsBatch (file:///D:/monday%2003.08/server/src/controllers/vendorController.js:917:20)
    at process.processTicksAndRejections (node:internal/process/task_queues:104:5)
2026-08-05T10:50:36.242Z Error: Duplicate entry 'GEN-T-S-POL-975-AMAZONBRANDSYMBOLMENSCOTTONRICHSOLIDPOLOTSHIRTCO' for key 'variants.sku'
    at saveVariantsBatch (file:///D:/monday%2003.08/server/src/controllers/vendorController.js:917:20)
    at process.processTicksAndRejections (node:internal/process/task_queues:104:5)
2026-08-07T06:25:53.936Z Error: connect ETIMEDOUT
    at file:///Z:/project%202.0%20new/server/src/routes/publicRoutes.js:71:35
    at Layer.handle [as handle_request] (Z:\project 2.0 new\server\node_modules\express\lib\router\layer.js:95:5)
    at next (Z:\project 2.0 new\server\node_modules\express\lib\router\route.js:149:13)
    at Route.dispatch (Z:\project 2.0 new\server\node_modules\express\lib\router\route.js:119:3)
    at Layer.handle [as handle_request] (Z:\project 2.0 new\server\node_modules\express\lib\router\layer.js:95:5)
    at Z:\project 2.0 new\server\node_modules\express\lib\router\index.js:284:15
    at router.process_params (Z:\project 2.0 new\server\node_modules\express\lib\router\index.js:346:12)
    at next (Z:\project 2.0 new\server\node_modules\express\lib\router\index.js:280:10)
    at router.handle (Z:\project 2.0 new\server\node_modules\express\lib\router\index.js:175:3)
    at router (Z:\project 2.0 new\server\node_modules\express\lib\router\index.js:47:12)
2026-08-07T06:25:53.949Z Error: connect ETIMEDOUT
    at file:///Z:/project%202.0%20new/server/src/routes/publicRoutes.js:222:30
    at Layer.handle [as handle_request] (Z:\project 2.0 new\server\node_modules\express\lib\router\layer.js:95:5)
    at next (Z:\project 2.0 new\server\node_modules\express\lib\router\route.js:149:13)
    at Route.dispatch (Z:\project 2.0 new\server\node_modules\express\lib\router\route.js:119:3)
    at Layer.handle [as handle_request] (Z:\project 2.0 new\server\node_modules\express\lib\router\layer.js:95:5)
    at Z:\project 2.0 new\server\node_modules\express\lib\router\index.js:284:15
    at router.process_params (Z:\project 2.0 new\server\node_modules\express\lib\router\index.js:346:12)
    at next (Z:\project 2.0 new\server\node_modules\express\lib\router\index.js:280:10)
    at router.handle (Z:\project 2.0 new\server\node_modules\express\lib\router\index.js:175:3)
    at router (Z:\project 2.0 new\server\node_modules\express\lib\router\index.js:47:12)
2026-08-07T06:25:53.951Z Error: connect ETIMEDOUT
    at file:///Z:/project%202.0%20new/server/src/routes/publicRoutes.js:237:37
    at Layer.handle [as handle_request] (Z:\project 2.0 new\server\node_modules\express\lib\router\layer.js:95:5)
    at next (Z:\project 2.0 new\server\node_modules\express\lib\router\route.js:149:13)
    at Route.dispatch (Z:\project 2.0 new\server\node_modules\express\lib\router\route.js:119:3)
    at Layer.handle [as handle_request] (Z:\project 2.0 new\server\node_modules\express\lib\router\layer.js:95:5)
    at Z:\project 2.0 new\server\node_modules\express\lib\router\index.js:284:15
    at router.process_params (Z:\project 2.0 new\server\node_modules\express\lib\router\index.js:346:12)
    at next (Z:\project 2.0 new\server\node_modules\express\lib\router\index.js:280:10)
    at router.handle (Z:\project 2.0 new\server\node_modules\express\lib\router\index.js:175:3)
    at router (Z:\project 2.0 new\server\node_modules\express\lib\router\index.js:47:12)
2026-08-07T06:25:53.953Z Error: connect ETIMEDOUT
    at file:///Z:/project%202.0%20new/server/src/routes/publicRoutes.js:17:37
    at Layer.handle [as handle_request] (Z:\project 2.0 new\server\node_modules\express\lib\router\layer.js:95:5)
    at next (Z:\project 2.0 new\server\node_modules\express\lib\router\route.js:149:13)
    at Route.dispatch (Z:\project 2.0 new\server\node_modules\express\lib\router\route.js:119:3)
    at Layer.handle [as handle_request] (Z:\project 2.0 new\server\node_modules\express\lib\router\layer.js:95:5)
    at Z:\project 2.0 new\server\node_modules\express\lib\router\index.js:284:15
    at router.process_params (Z:\project 2.0 new\server\node_modules\express\lib\router\index.js:346:12)
    at next (Z:\project 2.0 new\server\node_modules\express\lib\router\index.js:280:10)
    at router.handle (Z:\project 2.0 new\server\node_modules\express\lib\router\index.js:175:3)
    at router (Z:\project 2.0 new\server\node_modules\express\lib\router\index.js:47:12)
2026-08-07T06:26:03.950Z Error: connect ETIMEDOUT
    at file:///Z:/project%202.0%20new/server/src/routes/publicRoutes.js:71:35
    at Layer.handle [as handle_request] (Z:\project 2.0 new\server\node_modules\express\lib\router\layer.js:95:5)
    at next (Z:\project 2.0 new\server\node_modules\express\lib\router\route.js:149:13)
    at Route.dispatch (Z:\project 2.0 new\server\node_modules\express\lib\router\route.js:119:3)
    at Layer.handle [as handle_request] (Z:\project 2.0 new\server\node_modules\express\lib\router\layer.js:95:5)
    at Z:\project 2.0 new\server\node_modules\express\lib\router\index.js:284:15
    at router.process_params (Z:\project 2.0 new\server\node_modules\express\lib\router\index.js:346:12)
    at next (Z:\project 2.0 new\server\node_modules\express\lib\router\index.js:280:10)
    at router.handle (Z:\project 2.0 new\server\node_modules\express\lib\router\index.js:175:3)
    at router (Z:\project 2.0 new\server\node_modules\express\lib\router\index.js:47:12)
2026-08-07T06:26:03.964Z Error: connect ETIMEDOUT
    at file:///Z:/project%202.0%20new/server/src/routes/publicRoutes.js:222:30
    at Layer.handle [as handle_request] (Z:\project 2.0 new\server\node_modules\express\lib\router\layer.js:95:5)
    at next (Z:\project 2.0 new\server\node_modules\express\lib\router\route.js:149:13)
    at Route.dispatch (Z:\project 2.0 new\server\node_modules\express\lib\router\route.js:119:3)
    at Layer.handle [as handle_request] (Z:\project 2.0 new\server\node_modules\express\lib\router\layer.js:95:5)
    at Z:\project 2.0 new\server\node_modules\express\lib\router\index.js:284:15
    at router.process_params (Z:\project 2.0 new\server\node_modules\express\lib\router\index.js:346:12)
    at next (Z:\project 2.0 new\server\node_modules\express\lib\router\index.js:280:10)
    at router.handle (Z:\project 2.0 new\server\node_modules\express\lib\router\index.js:175:3)
    at router (Z:\project 2.0 new\server\node_modules\express\lib\router\index.js:47:12)
2026-08-07T06:26:03.968Z Error: connect ETIMEDOUT
    at file:///Z:/project%202.0%20new/server/src/routes/publicRoutes.js:237:37
    at Layer.handle [as handle_request] (Z:\project 2.0 new\server\node_modules\express\lib\router\layer.js:95:5)
    at next (Z:\project 2.0 new\server\node_modules\express\lib\router\route.js:149:13)
    at Route.dispatch (Z:\project 2.0 new\server\node_modules\express\lib\router\route.js:119:3)
    at Layer.handle [as handle_request] (Z:\project 2.0 new\server\node_modules\express\lib\router\layer.js:95:5)
    at Z:\project 2.0 new\server\node_modules\express\lib\router\index.js:284:15
    at router.process_params (Z:\project 2.0 new\server\node_modules\express\lib\router\index.js:346:12)
    at next (Z:\project 2.0 new\server\node_modules\express\lib\router\index.js:280:10)
    at router.handle (Z:\project 2.0 new\server\node_modules\express\lib\router\index.js:175:3)
    at router (Z:\project 2.0 new\server\node_modules\express\lib\router\index.js:47:12)
2026-08-07T06:26:03.970Z Error: connect ETIMEDOUT
    at file:///Z:/project%202.0%20new/server/src/routes/publicRoutes.js:17:37
    at Layer.handle [as handle_request] (Z:\project 2.0 new\server\node_modules\express\lib\router\layer.js:95:5)
    at next (Z:\project 2.0 new\server\node_modules\express\lib\router\route.js:149:13)
    at Route.dispatch (Z:\project 2.0 new\server\node_modules\express\lib\router\route.js:119:3)
    at Layer.handle [as handle_request] (Z:\project 2.0 new\server\node_modules\express\lib\router\layer.js:95:5)
    at Z:\project 2.0 new\server\node_modules\express\lib\router\index.js:284:15
    at router.process_params (Z:\project 2.0 new\server\node_modules\express\lib\router\index.js:346:12)
    at next (Z:\project 2.0 new\server\node_modules\express\lib\router\index.js:280:10)
    at router.handle (Z:\project 2.0 new\server\node_modules\express\lib\router\index.js:175:3)
    at router (Z:\project 2.0 new\server\node_modules\express\lib\router\index.js:47:12)
2026-08-07T06:26:04.010Z Error: connect ETIMEDOUT
    at file:///Z:/project%202.0%20new/server/src/routes/publicRoutes.js:168:35
    at Layer.handle [as handle_request] (Z:\project 2.0 new\server\node_modules\express\lib\router\layer.js:95:5)
    at next (Z:\project 2.0 new\server\node_modules\express\lib\router\route.js:149:13)
    at Route.dispatch (Z:\project 2.0 new\server\node_modules\express\lib\router\route.js:119:3)
    at Layer.handle [as handle_request] (Z:\project 2.0 new\server\node_modules\express\lib\router\layer.js:95:5)
    at Z:\project 2.0 new\server\node_modules\express\lib\router\index.js:284:15
    at router.process_params (Z:\project 2.0 new\server\node_modules\express\lib\router\index.js:346:12)
    at next (Z:\project 2.0 new\server\node_modules\express\lib\router\index.js:280:10)
    at router.handle (Z:\project 2.0 new\server\node_modules\express\lib\router\index.js:175:3)
    at router (Z:\project 2.0 new\server\node_modules\express\lib\router\index.js:47:12)
2026-08-07T06:26:13.957Z Error: connect ETIMEDOUT
    at file:///Z:/project%202.0%20new/server/src/routes/publicRoutes.js:17:37
    at Layer.handle [as handle_request] (Z:\project 2.0 new\server\node_modules\express\lib\router\layer.js:95:5)
    at next (Z:\project 2.0 new\server\node_modules\express\lib\router\route.js:149:13)
    at Route.dispatch (Z:\project 2.0 new\server\node_modules\express\lib\router\route.js:119:3)
    at Layer.handle [as handle_request] (Z:\project 2.0 new\server\node_modules\express\lib\router\layer.js:95:5)
    at Z:\project 2.0 new\server\node_modules\express\lib\router\index.js:284:15
    at router.process_params (Z:\project 2.0 new\server\node_modules\express\lib\router\index.js:346:12)
    at next (Z:\project 2.0 new\server\node_modules\express\lib\router\index.js:280:10)
    at router.handle (Z:\project 2.0 new\server\node_modules\express\lib\router\index.js:175:3)
    at router (Z:\project 2.0 new\server\node_modules\express\lib\router\index.js:47:12)
2026-08-07T06:26:13.971Z Error: connect ETIMEDOUT
    at file:///Z:/project%202.0%20new/server/src/routes/publicRoutes.js:17:37
    at Layer.handle [as handle_request] (Z:\project 2.0 new\server\node_modules\express\lib\router\layer.js:95:5)
    at next (Z:\project 2.0 new\server\node_modules\express\lib\router\route.js:149:13)
    at Route.dispatch (Z:\project 2.0 new\server\node_modules\express\lib\router\route.js:119:3)
    at Layer.handle [as handle_request] (Z:\project 2.0 new\server\node_modules\express\lib\router\layer.js:95:5)
    at Z:\project 2.0 new\server\node_modules\express\lib\router\index.js:284:15
    at router.process_params (Z:\project 2.0 new\server\node_modules\express\lib\router\index.js:346:12)
    at next (Z:\project 2.0 new\server\node_modules\express\lib\router\index.js:280:10)
    at router.handle (Z:\project 2.0 new\server\node_modules\express\lib\router\index.js:175:3)
    at router (Z:\project 2.0 new\server\node_modules\express\lib\router\index.js:47:12)
2026-08-07T06:26:20.109Z Error: connect ETIMEDOUT
    at file:///Z:/project%202.0%20new/server/src/routes/publicRoutes.js:168:35
    at Layer.handle [as handle_request] (Z:\project 2.0 new\server\node_modules\express\lib\router\layer.js:95:5)
    at next (Z:\project 2.0 new\server\node_modules\express\lib\router\route.js:149:13)
    at Route.dispatch (Z:\project 2.0 new\server\node_modules\express\lib\router\route.js:119:3)
    at Layer.handle [as handle_request] (Z:\project 2.0 new\server\node_modules\express\lib\router\layer.js:95:5)
    at Z:\project 2.0 new\server\node_modules\express\lib\router\index.js:284:15
    at router.process_params (Z:\project 2.0 new\server\node_modules\express\lib\router\index.js:346:12)
    at next (Z:\project 2.0 new\server\node_modules\express\lib\router\index.js:280:10)
    at router.handle (Z:\project 2.0 new\server\node_modules\express\lib\router\index.js:175:3)
    at router (Z:\project 2.0 new\server\node_modules\express\lib\router\index.js:47:12)
2026-08-07T07:41:23.977Z Error: FUNCTION user1.JSON_ARRAYAGG does not exist
    at getReviewsForProduct (file:///Z:/project%202.0%20new/server/src/controllers/reviewController.js:201:34)
    at process.processTicksAndRejections (node:internal/process/task_queues:104:5)
2026-08-07T07:41:23.993Z Error: FUNCTION user1.JSON_ARRAYAGG does not exist
    at getReviewsForProduct (file:///Z:/project%202.0%20new/server/src/controllers/reviewController.js:201:34)
    at process.processTicksAndRejections (node:internal/process/task_queues:104:5)
2026-08-07T07:41:24.059Z Error: FUNCTION user1.JSON_ARRAYAGG does not exist
    at getReviewsForProduct (file:///Z:/project%202.0%20new/server/src/controllers/reviewController.js:201:34)
    at process.processTicksAndRejections (node:internal/process/task_queues:104:5)
2026-08-08T04:27:00.202Z AggregateError: 
    at file:///Z:/project%202.0%20new/server/src/routes/publicRoutes.js:71:35
    at Layer.handle [as handle_request] (Z:\project 2.0 new\server\node_modules\express\lib\router\layer.js:95:5)
    at next (Z:\project 2.0 new\server\node_modules\express\lib\router\route.js:149:13)
    at Route.dispatch (Z:\project 2.0 new\server\node_modules\express\lib\router\route.js:119:3)
    at Layer.handle [as handle_request] (Z:\project 2.0 new\server\node_modules\express\lib\router\layer.js:95:5)
    at Z:\project 2.0 new\server\node_modules\express\lib\router\index.js:284:15
    at router.process_params (Z:\project 2.0 new\server\node_modules\express\lib\router\index.js:346:12)
    at next (Z:\project 2.0 new\server\node_modules\express\lib\router\index.js:280:10)
    at router.handle (Z:\project 2.0 new\server\node_modules\express\lib\router\index.js:175:3)
    at router (Z:\project 2.0 new\server\node_modules\express\lib\router\index.js:47:12)
2026-08-08T04:27:00.208Z AggregateError: 
    at file:///Z:/project%202.0%20new/server/src/routes/publicRoutes.js:237:37
    at Layer.handle [as handle_request] (Z:\project 2.0 new\server\node_modules\express\lib\router\layer.js:95:5)
    at next (Z:\project 2.0 new\server\node_modules\express\lib\router\route.js:149:13)
    at Route.dispatch (Z:\project 2.0 new\server\node_modules\express\lib\router\route.js:119:3)
    at Layer.handle [as handle_request] (Z:\project 2.0 new\server\node_modules\express\lib\router\layer.js:95:5)
    at Z:\project 2.0 new\server\node_modules\express\lib\router\index.js:284:15
    at router.process_params (Z:\project 2.0 new\server\node_modules\express\lib\router\index.js:346:12)
    at next (Z:\project 2.0 new\server\node_modules\express\lib\router\index.js:280:10)
    at router.handle (Z:\project 2.0 new\server\node_modules\express\lib\router\index.js:175:3)
    at router (Z:\project 2.0 new\server\node_modules\express\lib\router\index.js:47:12)
2026-08-08T04:27:00.211Z AggregateError: 
    at file:///Z:/project%202.0%20new/server/src/routes/publicRoutes.js:429:31
    at Layer.handle [as handle_request] (Z:\project 2.0 new\server\node_modules\express\lib\router\layer.js:95:5)
    at next (Z:\project 2.0 new\server\node_modules\express\lib\router\route.js:149:13)
    at Route.dispatch (Z:\project 2.0 new\server\node_modules\express\lib\router\route.js:119:3)
    at Layer.handle [as handle_request] (Z:\project 2.0 new\server\node_modules\express\lib\router\layer.js:95:5)
    at Z:\project 2.0 new\server\node_modules\express\lib\router\index.js:284:15
    at router.process_params (Z:\project 2.0 new\server\node_modules\express\lib\router\index.js:346:12)
    at next (Z:\project 2.0 new\server\node_modules\express\lib\router\index.js:280:10)
    at router.handle (Z:\project 2.0 new\server\node_modules\express\lib\router\index.js:175:3)
    at router (Z:\project 2.0 new\server\node_modules\express\lib\router\index.js:47:12)
2026-08-08T04:27:00.215Z AggregateError: 
    at file:///Z:/project%202.0%20new/server/src/routes/publicRoutes.js:17:37
    at Layer.handle [as handle_request] (Z:\project 2.0 new\server\node_modules\express\lib\router\layer.js:95:5)
    at next (Z:\project 2.0 new\server\node_modules\express\lib\router\route.js:149:13)
    at Route.dispatch (Z:\project 2.0 new\server\node_modules\express\lib\router\route.js:119:3)
    at Layer.handle [as handle_request] (Z:\project 2.0 new\server\node_modules\express\lib\router\layer.js:95:5)
    at Z:\project 2.0 new\server\node_modules\express\lib\router\index.js:284:15
    at router.process_params (Z:\project 2.0 new\server\node_modules\express\lib\router\index.js:346:12)
    at next (Z:\project 2.0 new\server\node_modules\express\lib\router\index.js:280:10)
    at router.handle (Z:\project 2.0 new\server\node_modules\express\lib\router\index.js:175:3)
    at router (Z:\project 2.0 new\server\node_modules\express\lib\router\index.js:47:12)
2026-08-08T04:27:00.219Z AggregateError: 
    at file:///Z:/project%202.0%20new/server/src/routes/publicRoutes.js:222:30
    at Layer.handle [as handle_request] (Z:\project 2.0 new\server\node_modules\express\lib\router\layer.js:95:5)
    at next (Z:\project 2.0 new\server\node_modules\express\lib\router\route.js:149:13)
    at Route.dispatch (Z:\project 2.0 new\server\node_modules\express\lib\router\route.js:119:3)
    at Layer.handle [as handle_request] (Z:\project 2.0 new\server\node_modules\express\lib\router\layer.js:95:5)
    at Z:\project 2.0 new\server\node_modules\express\lib\router\index.js:284:15
    at router.process_params (Z:\project 2.0 new\server\node_modules\express\lib\router\index.js:346:12)
    at next (Z:\project 2.0 new\server\node_modules\express\lib\router\index.js:280:10)
    at router.handle (Z:\project 2.0 new\server\node_modules\express\lib\router\index.js:175:3)
    at router (Z:\project 2.0 new\server\node_modules\express\lib\router\index.js:47:12)
2026-08-08T04:27:00.236Z AggregateError: 
    at file:///Z:/project%202.0%20new/server/src/routes/publicRoutes.js:71:35
    at Layer.handle [as handle_request] (Z:\project 2.0 new\server\node_modules\express\lib\router\layer.js:95:5)
    at next (Z:\project 2.0 new\server\node_modules\express\lib\router\route.js:149:13)
    at Route.dispatch (Z:\project 2.0 new\server\node_modules\express\lib\router\route.js:119:3)
    at Layer.handle [as handle_request] (Z:\project 2.0 new\server\node_modules\express\lib\router\layer.js:95:5)
    at Z:\project 2.0 new\server\node_modules\express\lib\router\index.js:284:15
    at router.process_params (Z:\project 2.0 new\server\node_modules\express\lib\router\index.js:346:12)
    at next (Z:\project 2.0 new\server\node_modules\express\lib\router\index.js:280:10)
    at router.handle (Z:\project 2.0 new\server\node_modules\express\lib\router\index.js:175:3)
    at router (Z:\project 2.0 new\server\node_modules\express\lib\router\index.js:47:12)
2026-08-08T04:27:00.237Z AggregateError: 
    at file:///Z:/project%202.0%20new/server/src/routes/publicRoutes.js:237:37
    at Layer.handle [as handle_request] (Z:\project 2.0 new\server\node_modules\express\lib\router\layer.js:95:5)
    at next (Z:\project 2.0 new\server\node_modules\express\lib\router\route.js:149:13)
    at Route.dispatch (Z:\project 2.0 new\server\node_modules\express\lib\router\route.js:119:3)
    at Layer.handle [as handle_request] (Z:\project 2.0 new\server\node_modules\express\lib\router\layer.js:95:5)
    at Z:\project 2.0 new\server\node_modules\express\lib\router\index.js:284:15
    at router.process_params (Z:\project 2.0 new\server\node_modules\express\lib\router\index.js:346:12)
    at next (Z:\project 2.0 new\server\node_modules\express\lib\router\index.js:280:10)
    at router.handle (Z:\project 2.0 new\server\node_modules\express\lib\router\index.js:175:3)
    at router (Z:\project 2.0 new\server\node_modules\express\lib\router\index.js:47:12)
2026-08-08T04:27:00.241Z AggregateError: 
    at file:///Z:/project%202.0%20new/server/src/routes/publicRoutes.js:429:31
    at Layer.handle [as handle_request] (Z:\project 2.0 new\server\node_modules\express\lib\router\layer.js:95:5)
    at next (Z:\project 2.0 new\server\node_modules\express\lib\router\route.js:149:13)
    at Route.dispatch (Z:\project 2.0 new\server\node_modules\express\lib\router\route.js:119:3)
    at Layer.handle [as handle_request] (Z:\project 2.0 new\server\node_modules\express\lib\router\layer.js:95:5)
    at Z:\project 2.0 new\server\node_modules\express\lib\router\index.js:284:15
    at router.process_params (Z:\project 2.0 new\server\node_modules\express\lib\router\index.js:346:12)
    at next (Z:\project 2.0 new\server\node_modules\express\lib\router\index.js:280:10)
    at router.handle (Z:\project 2.0 new\server\node_modules\express\lib\router\index.js:175:3)
    at router (Z:\project 2.0 new\server\node_modules\express\lib\router\index.js:47:12)
2026-08-08T04:27:00.243Z AggregateError: 
    at file:///Z:/project%202.0%20new/server/src/routes/publicRoutes.js:17:37
    at Layer.handle [as handle_request] (Z:\project 2.0 new\server\node_modules\express\lib\router\layer.js:95:5)
    at next (Z:\project 2.0 new\server\node_modules\express\lib\router\route.js:149:13)
    at Route.dispatch (Z:\project 2.0 new\server\node_modules\express\lib\router\route.js:119:3)
    at Layer.handle [as handle_request] (Z:\project 2.0 new\server\node_modules\express\lib\router\layer.js:95:5)
    at Z:\project 2.0 new\server\node_modules\express\lib\router\index.js:284:15
    at router.process_params (Z:\project 2.0 new\server\node_modules\express\lib\router\index.js:346:12)
    at next (Z:\project 2.0 new\server\node_modules\express\lib\router\index.js:280:10)
    at router.handle (Z:\project 2.0 new\server\node_modules\express\lib\router\index.js:175:3)
    at router (Z:\project 2.0 new\server\node_modules\express\lib\router\index.js:47:12)
2026-08-08T04:27:00.245Z AggregateError: 
    at file:///Z:/project%202.0%20new/server/src/routes/publicRoutes.js:222:30
    at Layer.handle [as handle_request] (Z:\project 2.0 new\server\node_modules\express\lib\router\layer.js:95:5)
    at next (Z:\project 2.0 new\server\node_modules\express\lib\router\route.js:149:13)
    at Route.dispatch (Z:\project 2.0 new\server\node_modules\express\lib\router\route.js:119:3)
    at Layer.handle [as handle_request] (Z:\project 2.0 new\server\node_modules\express\lib\router\layer.js:95:5)
    at Z:\project 2.0 new\server\node_modules\express\lib\router\index.js:284:15
    at router.process_params (Z:\project 2.0 new\server\node_modules\express\lib\router\index.js:346:12)
    at next (Z:\project 2.0 new\server\node_modules\express\lib\router\index.js:280:10)
    at router.handle (Z:\project 2.0 new\server\node_modules\express\lib\router\index.js:175:3)
    at router (Z:\project 2.0 new\server\node_modules\express\lib\router\index.js:47:12)
2026-08-08T04:27:00.260Z AggregateError: 
    at file:///Z:/project%202.0%20new/server/src/routes/publicRoutes.js:17:37
    at Layer.handle [as handle_request] (Z:\project 2.0 new\server\node_modules\express\lib\router\layer.js:95:5)
    at next (Z:\project 2.0 new\server\node_modules\express\lib\router\route.js:149:13)
    at Route.dispatch (Z:\project 2.0 new\server\node_modules\express\lib\router\route.js:119:3)
    at Layer.handle [as handle_request] (Z:\project 2.0 new\server\node_modules\express\lib\router\layer.js:95:5)
    at Z:\project 2.0 new\server\node_modules\express\lib\router\index.js:284:15
    at router.process_params (Z:\project 2.0 new\server\node_modules\express\lib\router\index.js:346:12)
    at next (Z:\project 2.0 new\server\node_modules\express\lib\router\index.js:280:10)
    at router.handle (Z:\project 2.0 new\server\node_modules\express\lib\router\index.js:175:3)
    at router (Z:\project 2.0 new\server\node_modules\express\lib\router\index.js:47:12)
2026-08-08T04:27:00.275Z AggregateError: 
    at file:///Z:/project%202.0%20new/server/src/routes/publicRoutes.js:17:37
    at Layer.handle [as handle_request] (Z:\project 2.0 new\server\node_modules\express\lib\router\layer.js:95:5)
    at next (Z:\project 2.0 new\server\node_modules\express\lib\router\route.js:149:13)
    at Route.dispatch (Z:\project 2.0 new\server\node_modules\express\lib\router\route.js:119:3)
    at Layer.handle [as handle_request] (Z:\project 2.0 new\server\node_modules\express\lib\router\layer.js:95:5)
    at Z:\project 2.0 new\server\node_modules\express\lib\router\index.js:284:15
    at router.process_params (Z:\project 2.0 new\server\node_modules\express\lib\router\index.js:346:12)
    at next (Z:\project 2.0 new\server\node_modules\express\lib\router\index.js:280:10)
    at router.handle (Z:\project 2.0 new\server\node_modules\express\lib\router\index.js:175:3)
    at router (Z:\project 2.0 new\server\node_modules\express\lib\router\index.js:47:12)
2026-08-08T04:27:00.323Z AggregateError: 
    at file:///Z:/project%202.0%20new/server/src/routes/publicRoutes.js:168:35
    at Layer.handle [as handle_request] (Z:\project 2.0 new\server\node_modules\express\lib\router\layer.js:95:5)
    at next (Z:\project 2.0 new\server\node_modules\express\lib\router\route.js:149:13)
    at Route.dispatch (Z:\project 2.0 new\server\node_modules\express\lib\router\route.js:119:3)
    at Layer.handle [as handle_request] (Z:\project 2.0 new\server\node_modules\express\lib\router\layer.js:95:5)
    at Z:\project 2.0 new\server\node_modules\express\lib\router\index.js:284:15
    at router.process_params (Z:\project 2.0 new\server\node_modules\express\lib\router\index.js:346:12)
    at next (Z:\project 2.0 new\server\node_modules\express\lib\router\index.js:280:10)
    at router.handle (Z:\project 2.0 new\server\node_modules\express\lib\router\index.js:175:3)
    at router (Z:\project 2.0 new\server\node_modules\express\lib\router\index.js:47:12)
2026-08-08T05:32:44.340Z Error: FUNCTION user1.JSON_ARRAYAGG does not exist
    at getReviewsForProduct (file:///Z:/project%202.0%20new/server/src/controllers/reviewController.js:201:34)
    at process.processTicksAndRejections (node:internal/process/task_queues:104:5)
2026-08-08T05:32:44.345Z Error: FUNCTION user1.JSON_ARRAYAGG does not exist
    at getReviewsForProduct (file:///Z:/project%202.0%20new/server/src/controllers/reviewController.js:201:34)
    at process.processTicksAndRejections (node:internal/process/task_queues:104:5)
2026-08-08T05:32:44.403Z Error: FUNCTION user1.JSON_ARRAYAGG does not exist
    at getReviewsForProduct (file:///Z:/project%202.0%20new/server/src/controllers/reviewController.js:201:34)
    at process.processTicksAndRejections (node:internal/process/task_queues:104:5)
2026-08-08T07:48:09.106Z Error: FUNCTION user1.JSON_ARRAYAGG does not exist
    at getReviewsForProduct (file:///Z:/project%202.0%20new/server/src/controllers/reviewController.js:201:34)
    at process.processTicksAndRejections (node:internal/process/task_queues:104:5)
2026-08-08T07:48:09.124Z Error: FUNCTION user1.JSON_ARRAYAGG does not exist
    at getReviewsForProduct (file:///Z:/project%202.0%20new/server/src/controllers/reviewController.js:201:34)
    at process.processTicksAndRejections (node:internal/process/task_queues:104:5)
2026-08-08T07:48:09.255Z Error: FUNCTION user1.JSON_ARRAYAGG does not exist
    at getReviewsForProduct (file:///Z:/project%202.0%20new/server/src/controllers/reviewController.js:201:34)
    at process.processTicksAndRejections (node:internal/process/task_queues:104:5)
2026-08-08T10:35:59.183Z Error: FUNCTION user1.JSON_ARRAYAGG does not exist
    at getReviewsForProduct (file:///Z:/project%202.0%20new/server/src/controllers/reviewController.js:201:34)
    at process.processTicksAndRejections (node:internal/process/task_queues:104:5)
2026-08-08T10:35:59.436Z Error: FUNCTION user1.JSON_ARRAYAGG does not exist
    at getReviewsForProduct (file:///Z:/project%202.0%20new/server/src/controllers/reviewController.js:201:34)
    at process.processTicksAndRejections (node:internal/process/task_queues:104:5)
2026-08-08T10:35:59.461Z Error: FUNCTION user1.JSON_ARRAYAGG does not exist
    at getReviewsForProduct (file:///Z:/project%202.0%20new/server/src/controllers/reviewController.js:201:34)
    at process.processTicksAndRejections (node:internal/process/task_queues:104:5)
2026-08-08T10:39:10.052Z Error: FUNCTION user1.JSON_ARRAYAGG does not exist
    at getReviewsForProduct (file:///Z:/project%202.0%20new/server/src/controllers/reviewController.js:201:34)
    at process.processTicksAndRejections (node:internal/process/task_queues:104:5)
2026-08-08T10:39:10.093Z Error: FUNCTION user1.JSON_ARRAYAGG does not exist
    at getReviewsForProduct (file:///Z:/project%202.0%20new/server/src/controllers/reviewController.js:201:34)
    at process.processTicksAndRejections (node:internal/process/task_queues:104:5)
2026-08-08T10:39:10.121Z Error: FUNCTION user1.JSON_ARRAYAGG does not exist
    at getReviewsForProduct (file:///Z:/project%202.0%20new/server/src/controllers/reviewController.js:201:34)
    at process.processTicksAndRejections (node:internal/process/task_queues:104:5)
2026-08-08T10:41:53.391Z Error: FUNCTION user1.JSON_ARRAYAGG does not exist
    at getReviewsForProduct (file:///Z:/project%202.0%20new/server/src/controllers/reviewController.js:201:34)
    at process.processTicksAndRejections (node:internal/process/task_queues:104:5)
2026-08-08T10:41:53.400Z Error: FUNCTION user1.JSON_ARRAYAGG does not exist
    at getReviewsForProduct (file:///Z:/project%202.0%20new/server/src/controllers/reviewController.js:201:34)
    at process.processTicksAndRejections (node:internal/process/task_queues:104:5)
2026-08-08T10:42:07.192Z Error: FUNCTION user1.JSON_ARRAYAGG does not exist
    at getReviewsForProduct (file:///Z:/project%202.0%20new/server/src/controllers/reviewController.js:201:34)
    at process.processTicksAndRejections (node:internal/process/task_queues:104:5)
2026-08-08T10:42:07.199Z Error: FUNCTION user1.JSON_ARRAYAGG does not exist
    at getReviewsForProduct (file:///Z:/project%202.0%20new/server/src/controllers/reviewController.js:201:34)
    at process.processTicksAndRejections (node:internal/process/task_queues:104:5)
2026-08-08T10:42:07.401Z Error: FUNCTION user1.JSON_ARRAYAGG does not exist
    at getReviewsForProduct (file:///Z:/project%202.0%20new/server/src/controllers/reviewController.js:201:34)
    at process.processTicksAndRejections (node:internal/process/task_queues:104:5)
2026-08-08T10:47:09.244Z Error: FUNCTION user1.JSON_ARRAYAGG does not exist
    at getReviewsForProduct (file:///Z:/project%202.0%20new/server/src/controllers/reviewController.js:201:34)
    at process.processTicksAndRejections (node:internal/process/task_queues:104:5)
2026-08-08T10:47:09.282Z Error: FUNCTION user1.JSON_ARRAYAGG does not exist
    at getReviewsForProduct (file:///Z:/project%202.0%20new/server/src/controllers/reviewController.js:201:34)
    at process.processTicksAndRejections (node:internal/process/task_queues:104:5)
2026-08-08T10:47:09.314Z Error: FUNCTION user1.JSON_ARRAYAGG does not exist
    at getReviewsForProduct (file:///Z:/project%202.0%20new/server/src/controllers/reviewController.js:201:34)
    at process.processTicksAndRejections (node:internal/process/task_queues:104:5)
2026-08-08T10:47:21.664Z Error: FUNCTION user1.JSON_ARRAYAGG does not exist
    at getReviewsForProduct (file:///Z:/project%202.0%20new/server/src/controllers/reviewController.js:201:34)
    at process.processTicksAndRejections (node:internal/process/task_queues:104:5)
2026-08-08T10:47:21.670Z Error: FUNCTION user1.JSON_ARRAYAGG does not exist
    at getReviewsForProduct (file:///Z:/project%202.0%20new/server/src/controllers/reviewController.js:201:34)
    at process.processTicksAndRejections (node:internal/process/task_queues:104:5)
2026-08-08T10:47:21.870Z Error: FUNCTION user1.JSON_ARRAYAGG does not exist
    at getReviewsForProduct (file:///Z:/project%202.0%20new/server/src/controllers/reviewController.js:201:34)
    at process.processTicksAndRejections (node:internal/process/task_queues:104:5)
2026-08-08T11:18:26.311Z AggregateError: 
    at file:///Z:/project%202.0%20new/server/src/routes/publicRoutes.js:71:35
    at Layer.handle [as handle_request] (Z:\project 2.0 new\server\node_modules\express\lib\router\layer.js:95:5)
    at next (Z:\project 2.0 new\server\node_modules\express\lib\router\route.js:149:13)
    at Route.dispatch (Z:\project 2.0 new\server\node_modules\express\lib\router\route.js:119:3)
    at Layer.handle [as handle_request] (Z:\project 2.0 new\server\node_modules\express\lib\router\layer.js:95:5)
    at Z:\project 2.0 new\server\node_modules\express\lib\router\index.js:284:15
    at router.process_params (Z:\project 2.0 new\server\node_modules\express\lib\router\index.js:346:12)
    at next (Z:\project 2.0 new\server\node_modules\express\lib\router\index.js:280:10)
    at router.handle (Z:\project 2.0 new\server\node_modules\express\lib\router\index.js:175:3)
    at router (Z:\project 2.0 new\server\node_modules\express\lib\router\index.js:47:12)
2026-08-08T11:18:26.315Z AggregateError: 
    at file:///Z:/project%202.0%20new/server/src/routes/publicRoutes.js:222:30
    at Layer.handle [as handle_request] (Z:\project 2.0 new\server\node_modules\express\lib\router\layer.js:95:5)
    at next (Z:\project 2.0 new\server\node_modules\express\lib\router\route.js:149:13)
    at Route.dispatch (Z:\project 2.0 new\server\node_modules\express\lib\router\route.js:119:3)
    at Layer.handle [as handle_request] (Z:\project 2.0 new\server\node_modules\express\lib\router\layer.js:95:5)
    at Z:\project 2.0 new\server\node_modules\express\lib\router\index.js:284:15
    at router.process_params (Z:\project 2.0 new\server\node_modules\express\lib\router\index.js:346:12)
    at next (Z:\project 2.0 new\server\node_modules\express\lib\router\index.js:280:10)
    at router.handle (Z:\project 2.0 new\server\node_modules\express\lib\router\index.js:175:3)
    at router (Z:\project 2.0 new\server\node_modules\express\lib\router\index.js:47:12)
2026-08-08T11:18:26.317Z AggregateError: 
    at file:///Z:/project%202.0%20new/server/src/routes/publicRoutes.js:237:37
    at Layer.handle [as handle_request] (Z:\project 2.0 new\server\node_modules\express\lib\router\layer.js:95:5)
    at next (Z:\project 2.0 new\server\node_modules\express\lib\router\route.js:149:13)
    at Route.dispatch (Z:\project 2.0 new\server\node_modules\express\lib\router\route.js:119:3)
    at Layer.handle [as handle_request] (Z:\project 2.0 new\server\node_modules\express\lib\router\layer.js:95:5)
    at Z:\project 2.0 new\server\node_modules\express\lib\router\index.js:284:15
    at router.process_params (Z:\project 2.0 new\server\node_modules\express\lib\router\index.js:346:12)
    at next (Z:\project 2.0 new\server\node_modules\express\lib\router\index.js:280:10)
    at router.handle (Z:\project 2.0 new\server\node_modules\express\lib\router\index.js:175:3)
    at router (Z:\project 2.0 new\server\node_modules\express\lib\router\index.js:47:12)
2026-08-08T11:18:26.320Z AggregateError: 
    at file:///Z:/project%202.0%20new/server/src/routes/publicRoutes.js:17:37
    at Layer.handle [as handle_request] (Z:\project 2.0 new\server\node_modules\express\lib\router\layer.js:95:5)
    at next (Z:\project 2.0 new\server\node_modules\express\lib\router\route.js:149:13)
    at Route.dispatch (Z:\project 2.0 new\server\node_modules\express\lib\router\route.js:119:3)
    at Layer.handle [as handle_request] (Z:\project 2.0 new\server\node_modules\express\lib\router\layer.js:95:5)
    at Z:\project 2.0 new\server\node_modules\express\lib\router\index.js:284:15
    at router.process_params (Z:\project 2.0 new\server\node_modules\express\lib\router\index.js:346:12)
    at next (Z:\project 2.0 new\server\node_modules\express\lib\router\index.js:280:10)
    at router.handle (Z:\project 2.0 new\server\node_modules\express\lib\router\index.js:175:3)
    at router (Z:\project 2.0 new\server\node_modules\express\lib\router\index.js:47:12)
2026-08-08T11:18:26.385Z AggregateError: 
    at file:///Z:/project%202.0%20new/server/src/routes/publicRoutes.js:71:35
    at Layer.handle [as handle_request] (Z:\project 2.0 new\server\node_modules\express\lib\router\layer.js:95:5)
    at next (Z:\project 2.0 new\server\node_modules\express\lib\router\route.js:149:13)
    at Route.dispatch (Z:\project 2.0 new\server\node_modules\express\lib\router\route.js:119:3)
    at Layer.handle [as handle_request] (Z:\project 2.0 new\server\node_modules\express\lib\router\layer.js:95:5)
    at Z:\project 2.0 new\server\node_modules\express\lib\router\index.js:284:15
    at router.process_params (Z:\project 2.0 new\server\node_modules\express\lib\router\index.js:346:12)
    at next (Z:\project 2.0 new\server\node_modules\express\lib\router\index.js:280:10)
    at router.handle (Z:\project 2.0 new\server\node_modules\express\lib\router\index.js:175:3)
    at router (Z:\project 2.0 new\server\node_modules\express\lib\router\index.js:47:12)
2026-08-08T11:18:26.387Z AggregateError: 
    at file:///Z:/project%202.0%20new/server/src/routes/publicRoutes.js:222:30
    at Layer.handle [as handle_request] (Z:\project 2.0 new\server\node_modules\express\lib\router\layer.js:95:5)
    at next (Z:\project 2.0 new\server\node_modules\express\lib\router\route.js:149:13)
    at Route.dispatch (Z:\project 2.0 new\server\node_modules\express\lib\router\route.js:119:3)
    at Layer.handle [as handle_request] (Z:\project 2.0 new\server\node_modules\express\lib\router\layer.js:95:5)
    at Z:\project 2.0 new\server\node_modules\express\lib\router\index.js:284:15
    at router.process_params (Z:\project 2.0 new\server\node_modules\express\lib\router\index.js:346:12)
    at next (Z:\project 2.0 new\server\node_modules\express\lib\router\index.js:280:10)
    at router.handle (Z:\project 2.0 new\server\node_modules\express\lib\router\index.js:175:3)
    at router (Z:\project 2.0 new\server\node_modules\express\lib\router\index.js:47:12)
2026-08-08T11:18:26.389Z AggregateError: 
    at file:///Z:/project%202.0%20new/server/src/routes/publicRoutes.js:237:37
    at Layer.handle [as handle_request] (Z:\project 2.0 new\server\node_modules\express\lib\router\layer.js:95:5)
    at next (Z:\project 2.0 new\server\node_modules\express\lib\router\route.js:149:13)
    at Route.dispatch (Z:\project 2.0 new\server\node_modules\express\lib\router\route.js:119:3)
    at Layer.handle [as handle_request] (Z:\project 2.0 new\server\node_modules\express\lib\router\layer.js:95:5)
    at Z:\project 2.0 new\server\node_modules\express\lib\router\index.js:284:15
    at router.process_params (Z:\project 2.0 new\server\node_modules\express\lib\router\index.js:346:12)
    at next (Z:\project 2.0 new\server\node_modules\express\lib\router\index.js:280:10)
    at router.handle (Z:\project 2.0 new\server\node_modules\express\lib\router\index.js:175:3)
    at router (Z:\project 2.0 new\server\node_modules\express\lib\router\index.js:47:12)
2026-08-08T11:18:26.395Z AggregateError: 
    at file:///Z:/project%202.0%20new/server/src/routes/publicRoutes.js:17:37
    at Layer.handle [as handle_request] (Z:\project 2.0 new\server\node_modules\express\lib\router\layer.js:95:5)
    at next (Z:\project 2.0 new\server\node_modules\express\lib\router\route.js:149:13)
    at Route.dispatch (Z:\project 2.0 new\server\node_modules\express\lib\router\route.js:119:3)
    at Layer.handle [as handle_request] (Z:\project 2.0 new\server\node_modules\express\lib\router\layer.js:95:5)
    at Z:\project 2.0 new\server\node_modules\express\lib\router\index.js:284:15
    at router.process_params (Z:\project 2.0 new\server\node_modules\express\lib\router\index.js:346:12)
    at next (Z:\project 2.0 new\server\node_modules\express\lib\router\index.js:280:10)
    at router.handle (Z:\project 2.0 new\server\node_modules\express\lib\router\index.js:175:3)
    at router (Z:\project 2.0 new\server\node_modules\express\lib\router\index.js:47:12)
2026-08-08T11:18:26.403Z AggregateError: 
    at file:///Z:/project%202.0%20new/server/src/routes/publicRoutes.js:17:37
    at Layer.handle [as handle_request] (Z:\project 2.0 new\server\node_modules\express\lib\router\layer.js:95:5)
    at next (Z:\project 2.0 new\server\node_modules\express\lib\router\route.js:149:13)
    at Route.dispatch (Z:\project 2.0 new\server\node_modules\express\lib\router\route.js:119:3)
    at Layer.handle [as handle_request] (Z:\project 2.0 new\server\node_modules\express\lib\router\layer.js:95:5)
    at Z:\project 2.0 new\server\node_modules\express\lib\router\index.js:284:15
    at router.process_params (Z:\project 2.0 new\server\node_modules\express\lib\router\index.js:346:12)
    at next (Z:\project 2.0 new\server\node_modules\express\lib\router\index.js:280:10)
    at router.handle (Z:\project 2.0 new\server\node_modules\express\lib\router\index.js:175:3)
    at router (Z:\project 2.0 new\server\node_modules\express\lib\router\index.js:47:12)
2026-08-08T11:18:26.416Z AggregateError: 
    at file:///Z:/project%202.0%20new/server/src/routes/publicRoutes.js:17:37
    at Layer.handle [as handle_request] (Z:\project 2.0 new\server\node_modules\express\lib\router\layer.js:95:5)
    at next (Z:\project 2.0 new\server\node_modules\express\lib\router\route.js:149:13)
    at Route.dispatch (Z:\project 2.0 new\server\node_modules\express\lib\router\route.js:119:3)
    at Layer.handle [as handle_request] (Z:\project 2.0 new\server\node_modules\express\lib\router\layer.js:95:5)
    at Z:\project 2.0 new\server\node_modules\express\lib\router\index.js:284:15
    at router.process_params (Z:\project 2.0 new\server\node_modules\express\lib\router\index.js:346:12)
    at next (Z:\project 2.0 new\server\node_modules\express\lib\router\index.js:280:10)
    at router.handle (Z:\project 2.0 new\server\node_modules\express\lib\router\index.js:175:3)
    at router (Z:\project 2.0 new\server\node_modules\express\lib\router\index.js:47:12)
2026-08-08T11:18:26.472Z AggregateError: 
    at file:///Z:/project%202.0%20new/server/src/routes/publicRoutes.js:168:35
    at Layer.handle [as handle_request] (Z:\project 2.0 new\server\node_modules\express\lib\router\layer.js:95:5)
    at next (Z:\project 2.0 new\server\node_modules\express\lib\router\route.js:149:13)
    at Route.dispatch (Z:\project 2.0 new\server\node_modules\express\lib\router\route.js:119:3)
    at Layer.handle [as handle_request] (Z:\project 2.0 new\server\node_modules\express\lib\router\layer.js:95:5)
    at Z:\project 2.0 new\server\node_modules\express\lib\router\index.js:284:15
    at router.process_params (Z:\project 2.0 new\server\node_modules\express\lib\router\index.js:346:12)
    at next (Z:\project 2.0 new\server\node_modules\express\lib\router\index.js:280:10)
    at router.handle (Z:\project 2.0 new\server\node_modules\express\lib\router\index.js:175:3)
    at router (Z:\project 2.0 new\server\node_modules\express\lib\router\index.js:47:12)
2026-08-08T11:18:27.779Z AggregateError: 
    at file:///Z:/project%202.0%20new/server/src/routes/publicRoutes.js:168:35
    at Layer.handle [as handle_request] (Z:\project 2.0 new\server\node_modules\express\lib\router\layer.js:95:5)
    at next (Z:\project 2.0 new\server\node_modules\express\lib\router\route.js:149:13)
    at Route.dispatch (Z:\project 2.0 new\server\node_modules\express\lib\router\route.js:119:3)
    at Layer.handle [as handle_request] (Z:\project 2.0 new\server\node_modules\express\lib\router\layer.js:95:5)
    at Z:\project 2.0 new\server\node_modules\express\lib\router\index.js:284:15
    at router.process_params (Z:\project 2.0 new\server\node_modules\express\lib\router\index.js:346:12)
    at next (Z:\project 2.0 new\server\node_modules\express\lib\router\index.js:280:10)
    at router.handle (Z:\project 2.0 new\server\node_modules\express\lib\router\index.js:175:3)
    at router (Z:\project 2.0 new\server\node_modules\express\lib\router\index.js:47:12)
2026-08-08T11:18:27.812Z AggregateError: 
    at file:///Z:/project%202.0%20new/server/src/routes/publicRoutes.js:168:35
    at Layer.handle [as handle_request] (Z:\project 2.0 new\server\node_modules\express\lib\router\layer.js:95:5)
    at next (Z:\project 2.0 new\server\node_modules\express\lib\router\route.js:149:13)
    at Route.dispatch (Z:\project 2.0 new\server\node_modules\express\lib\router\route.js:119:3)
    at Layer.handle [as handle_request] (Z:\project 2.0 new\server\node_modules\express\lib\router\layer.js:95:5)
    at Z:\project 2.0 new\server\node_modules\express\lib\router\index.js:284:15
    at router.process_params (Z:\project 2.0 new\server\node_modules\express\lib\router\index.js:346:12)
    at next (Z:\project 2.0 new\server\node_modules\express\lib\router\index.js:280:10)
    at router.handle (Z:\project 2.0 new\server\node_modules\express\lib\router\index.js:175:3)
    at router (Z:\project 2.0 new\server\node_modules\express\lib\router\index.js:47:12)
2026-08-08T11:18:27.831Z AggregateError: 
    at file:///Z:/project%202.0%20new/server/src/routes/publicRoutes.js:168:35
    at Layer.handle [as handle_request] (Z:\project 2.0 new\server\node_modules\express\lib\router\layer.js:95:5)
    at next (Z:\project 2.0 new\server\node_modules\express\lib\router\route.js:149:13)
    at Route.dispatch (Z:\project 2.0 new\server\node_modules\express\lib\router\route.js:119:3)
    at Layer.handle [as handle_request] (Z:\project 2.0 new\server\node_modules\express\lib\router\layer.js:95:5)
    at Z:\project 2.0 new\server\node_modules\express\lib\router\index.js:284:15
    at router.process_params (Z:\project 2.0 new\server\node_modules\express\lib\router\index.js:346:12)
    at next (Z:\project 2.0 new\server\node_modules\express\lib\router\index.js:280:10)
    at router.handle (Z:\project 2.0 new\server\node_modules\express\lib\router\index.js:175:3)
    at router (Z:\project 2.0 new\server\node_modules\express\lib\router\index.js:47:12)
2026-08-08T11:18:27.886Z AggregateError: 
    at file:///Z:/project%202.0%20new/server/src/routes/publicRoutes.js:168:35
    at Layer.handle [as handle_request] (Z:\project 2.0 new\server\node_modules\express\lib\router\layer.js:95:5)
    at next (Z:\project 2.0 new\server\node_modules\express\lib\router\route.js:149:13)
    at Route.dispatch (Z:\project 2.0 new\server\node_modules\express\lib\router\route.js:119:3)
    at Layer.handle [as handle_request] (Z:\project 2.0 new\server\node_modules\express\lib\router\layer.js:95:5)
    at Z:\project 2.0 new\server\node_modules\express\lib\router\index.js:284:15
    at router.process_params (Z:\project 2.0 new\server\node_modules\express\lib\router\index.js:346:12)
    at next (Z:\project 2.0 new\server\node_modules\express\lib\router\index.js:280:10)
    at router.handle (Z:\project 2.0 new\server\node_modules\express\lib\router\index.js:175:3)
    at router (Z:\project 2.0 new\server\node_modules\express\lib\router\index.js:47:12)
2026-08-08T11:18:27.906Z AggregateError: 
    at file:///Z:/project%202.0%20new/server/src/routes/publicRoutes.js:168:35
    at Layer.handle [as handle_request] (Z:\project 2.0 new\server\node_modules\express\lib\router\layer.js:95:5)
    at next (Z:\project 2.0 new\server\node_modules\express\lib\router\route.js:149:13)
    at Route.dispatch (Z:\project 2.0 new\server\node_modules\express\lib\router\route.js:119:3)
    at Layer.handle [as handle_request] (Z:\project 2.0 new\server\node_modules\express\lib\router\layer.js:95:5)
    at Z:\project 2.0 new\server\node_modules\express\lib\router\index.js:284:15
    at router.process_params (Z:\project 2.0 new\server\node_modules\express\lib\router\index.js:346:12)
    at next (Z:\project 2.0 new\server\node_modules\express\lib\router\index.js:280:10)
    at router.handle (Z:\project 2.0 new\server\node_modules\express\lib\router\index.js:175:3)
    at router (Z:\project 2.0 new\server\node_modules\express\lib\router\index.js:47:12)
2026-08-08T11:18:27.938Z AggregateError: 
    at file:///Z:/project%202.0%20new/server/src/routes/publicRoutes.js:168:35
    at Layer.handle [as handle_request] (Z:\project 2.0 new\server\node_modules\express\lib\router\layer.js:95:5)
    at next (Z:\project 2.0 new\server\node_modules\express\lib\router\route.js:149:13)
    at Route.dispatch (Z:\project 2.0 new\server\node_modules\express\lib\router\route.js:119:3)
    at Layer.handle [as handle_request] (Z:\project 2.0 new\server\node_modules\express\lib\router\layer.js:95:5)
    at Z:\project 2.0 new\server\node_modules\express\lib\router\index.js:284:15
    at router.process_params (Z:\project 2.0 new\server\node_modules\express\lib\router\index.js:346:12)
    at next (Z:\project 2.0 new\server\node_modules\express\lib\router\index.js:280:10)
    at router.handle (Z:\project 2.0 new\server\node_modules\express\lib\router\index.js:175:3)
    at router (Z:\project 2.0 new\server\node_modules\express\lib\router\index.js:47:12)
2026-08-08T11:25:01.492Z AggregateError: 
    at file:///Z:/project%202.0%20new/server/src/routes/publicRoutes.js:71:35
    at Layer.handle [as handle_request] (Z:\project 2.0 new\server\node_modules\express\lib\router\layer.js:95:5)
    at next (Z:\project 2.0 new\server\node_modules\express\lib\router\route.js:149:13)
    at Route.dispatch (Z:\project 2.0 new\server\node_modules\express\lib\router\route.js:119:3)
    at Layer.handle [as handle_request] (Z:\project 2.0 new\server\node_modules\express\lib\router\layer.js:95:5)
    at Z:\project 2.0 new\server\node_modules\express\lib\router\index.js:284:15
    at router.process_params (Z:\project 2.0 new\server\node_modules\express\lib\router\index.js:346:12)
    at next (Z:\project 2.0 new\server\node_modules\express\lib\router\index.js:280:10)
    at router.handle (Z:\project 2.0 new\server\node_modules\express\lib\router\index.js:175:3)
    at router (Z:\project 2.0 new\server\node_modules\express\lib\router\index.js:47:12)
2026-08-08T11:25:01.495Z AggregateError: 
    at file:///Z:/project%202.0%20new/server/src/routes/publicRoutes.js:237:37
    at Layer.handle [as handle_request] (Z:\project 2.0 new\server\node_modules\express\lib\router\layer.js:95:5)
    at next (Z:\project 2.0 new\server\node_modules\express\lib\router\route.js:149:13)
    at Route.dispatch (Z:\project 2.0 new\server\node_modules\express\lib\router\route.js:119:3)
    at Layer.handle [as handle_request] (Z:\project 2.0 new\server\node_modules\express\lib\router\layer.js:95:5)
    at Z:\project 2.0 new\server\node_modules\express\lib\router\index.js:284:15
    at router.process_params (Z:\project 2.0 new\server\node_modules\express\lib\router\index.js:346:12)
    at next (Z:\project 2.0 new\server\node_modules\express\lib\router\index.js:280:10)
    at router.handle (Z:\project 2.0 new\server\node_modules\express\lib\router\index.js:175:3)
    at router (Z:\project 2.0 new\server\node_modules\express\lib\router\index.js:47:12)
2026-08-08T11:25:01.497Z AggregateError: 
    at file:///Z:/project%202.0%20new/server/src/routes/publicRoutes.js:17:37
    at Layer.handle [as handle_request] (Z:\project 2.0 new\server\node_modules\express\lib\router\layer.js:95:5)
    at next (Z:\project 2.0 new\server\node_modules\express\lib\router\route.js:149:13)
    at Route.dispatch (Z:\project 2.0 new\server\node_modules\express\lib\router\route.js:119:3)
    at Layer.handle [as handle_request] (Z:\project 2.0 new\server\node_modules\express\lib\router\layer.js:95:5)
    at Z:\project 2.0 new\server\node_modules\express\lib\router\index.js:284:15
    at router.process_params (Z:\project 2.0 new\server\node_modules\express\lib\router\index.js:346:12)
    at next (Z:\project 2.0 new\server\node_modules\express\lib\router\index.js:280:10)
    at router.handle (Z:\project 2.0 new\server\node_modules\express\lib\router\index.js:175:3)
    at router (Z:\project 2.0 new\server\node_modules\express\lib\router\index.js:47:12)
2026-08-08T11:25:01.501Z AggregateError: 
    at file:///Z:/project%202.0%20new/server/src/routes/publicRoutes.js:222:30
    at Layer.handle [as handle_request] (Z:\project 2.0 new\server\node_modules\express\lib\router\layer.js:95:5)
    at next (Z:\project 2.0 new\server\node_modules\express\lib\router\route.js:149:13)
    at Route.dispatch (Z:\project 2.0 new\server\node_modules\express\lib\router\route.js:119:3)
    at Layer.handle [as handle_request] (Z:\project 2.0 new\server\node_modules\express\lib\router\layer.js:95:5)
    at Z:\project 2.0 new\server\node_modules\express\lib\router\index.js:284:15
    at router.process_params (Z:\project 2.0 new\server\node_modules\express\lib\router\index.js:346:12)
    at next (Z:\project 2.0 new\server\node_modules\express\lib\router\index.js:280:10)
    at router.handle (Z:\project 2.0 new\server\node_modules\express\lib\router\index.js:175:3)
    at router (Z:\project 2.0 new\server\node_modules\express\lib\router\index.js:47:12)
2026-08-08T11:25:01.528Z AggregateError: 
    at file:///Z:/project%202.0%20new/server/src/routes/publicRoutes.js:71:35
    at Layer.handle [as handle_request] (Z:\project 2.0 new\server\node_modules\express\lib\router\layer.js:95:5)
    at next (Z:\project 2.0 new\server\node_modules\express\lib\router\route.js:149:13)
    at Route.dispatch (Z:\project 2.0 new\server\node_modules\express\lib\router\route.js:119:3)
    at Layer.handle [as handle_request] (Z:\project 2.0 new\server\node_modules\express\lib\router\layer.js:95:5)
    at Z:\project 2.0 new\server\node_modules\express\lib\router\index.js:284:15
    at router.process_params (Z:\project 2.0 new\server\node_modules\express\lib\router\index.js:346:12)
    at next (Z:\project 2.0 new\server\node_modules\express\lib\router\index.js:280:10)
    at router.handle (Z:\project 2.0 new\server\node_modules\express\lib\router\index.js:175:3)
    at router (Z:\project 2.0 new\server\node_modules\express\lib\router\index.js:47:12)
2026-08-08T11:25:01.536Z AggregateError: 
    at file:///Z:/project%202.0%20new/server/src/routes/publicRoutes.js:237:37
    at Layer.handle [as handle_request] (Z:\project 2.0 new\server\node_modules\express\lib\router\layer.js:95:5)
    at next (Z:\project 2.0 new\server\node_modules\express\lib\router\route.js:149:13)
    at Route.dispatch (Z:\project 2.0 new\server\node_modules\express\lib\router\route.js:119:3)
    at Layer.handle [as handle_request] (Z:\project 2.0 new\server\node_modules\express\lib\router\layer.js:95:5)
    at Z:\project 2.0 new\server\node_modules\express\lib\router\index.js:284:15
    at router.process_params (Z:\project 2.0 new\server\node_modules\express\lib\router\index.js:346:12)
    at next (Z:\project 2.0 new\server\node_modules\express\lib\router\index.js:280:10)
    at router.handle (Z:\project 2.0 new\server\node_modules\express\lib\router\index.js:175:3)
    at router (Z:\project 2.0 new\server\node_modules\express\lib\router\index.js:47:12)
2026-08-08T11:25:01.542Z AggregateError: 
    at file:///Z:/project%202.0%20new/server/src/routes/publicRoutes.js:17:37
    at Layer.handle [as handle_request] (Z:\project 2.0 new\server\node_modules\express\lib\router\layer.js:95:5)
    at next (Z:\project 2.0 new\server\node_modules\express\lib\router\route.js:149:13)
    at Route.dispatch (Z:\project 2.0 new\server\node_modules\express\lib\router\route.js:119:3)
    at Layer.handle [as handle_request] (Z:\project 2.0 new\server\node_modules\express\lib\router\layer.js:95:5)
    at Z:\project 2.0 new\server\node_modules\express\lib\router\index.js:284:15
    at router.process_params (Z:\project 2.0 new\server\node_modules\express\lib\router\index.js:346:12)
    at next (Z:\project 2.0 new\server\node_modules\express\lib\router\index.js:280:10)
    at router.handle (Z:\project 2.0 new\server\node_modules\express\lib\router\index.js:175:3)
    at router (Z:\project 2.0 new\server\node_modules\express\lib\router\index.js:47:12)
2026-08-08T11:25:01.545Z AggregateError: 
    at file:///Z:/project%202.0%20new/server/src/routes/publicRoutes.js:222:30
    at Layer.handle [as handle_request] (Z:\project 2.0 new\server\node_modules\express\lib\router\layer.js:95:5)
    at next (Z:\project 2.0 new\server\node_modules\express\lib\router\route.js:149:13)
    at Route.dispatch (Z:\project 2.0 new\server\node_modules\express\lib\router\route.js:119:3)
    at Layer.handle [as handle_request] (Z:\project 2.0 new\server\node_modules\express\lib\router\layer.js:95:5)
    at Z:\project 2.0 new\server\node_modules\express\lib\router\index.js:284:15
    at router.process_params (Z:\project 2.0 new\server\node_modules\express\lib\router\index.js:346:12)
    at next (Z:\project 2.0 new\server\node_modules\express\lib\router\index.js:280:10)
    at router.handle (Z:\project 2.0 new\server\node_modules\express\lib\router\index.js:175:3)
    at router (Z:\project 2.0 new\server\node_modules\express\lib\router\index.js:47:12)
2026-08-08T11:25:01.560Z AggregateError: 
    at file:///Z:/project%202.0%20new/server/src/routes/publicRoutes.js:17:37
    at Layer.handle [as handle_request] (Z:\project 2.0 new\server\node_modules\express\lib\router\layer.js:95:5)
    at next (Z:\project 2.0 new\server\node_modules\express\lib\router\route.js:149:13)
    at Route.dispatch (Z:\project 2.0 new\server\node_modules\express\lib\router\route.js:119:3)
    at Layer.handle [as handle_request] (Z:\project 2.0 new\server\node_modules\express\lib\router\layer.js:95:5)
    at Z:\project 2.0 new\server\node_modules\express\lib\router\index.js:284:15
    at router.process_params (Z:\project 2.0 new\server\node_modules\express\lib\router\index.js:346:12)
    at next (Z:\project 2.0 new\server\node_modules\express\lib\router\index.js:280:10)
    at router.handle (Z:\project 2.0 new\server\node_modules\express\lib\router\index.js:175:3)
    at router (Z:\project 2.0 new\server\node_modules\express\lib\router\index.js:47:12)
2026-08-08T11:25:01.572Z AggregateError: 
    at file:///Z:/project%202.0%20new/server/src/routes/publicRoutes.js:17:37
    at Layer.handle [as handle_request] (Z:\project 2.0 new\server\node_modules\express\lib\router\layer.js:95:5)
    at next (Z:\project 2.0 new\server\node_modules\express\lib\router\route.js:149:13)
    at Route.dispatch (Z:\project 2.0 new\server\node_modules\express\lib\router\route.js:119:3)
    at Layer.handle [as handle_request] (Z:\project 2.0 new\server\node_modules\express\lib\router\layer.js:95:5)
    at Z:\project 2.0 new\server\node_modules\express\lib\router\index.js:284:15
    at router.process_params (Z:\project 2.0 new\server\node_modules\express\lib\router\index.js:346:12)
    at next (Z:\project 2.0 new\server\node_modules\express\lib\router\index.js:280:10)
    at router.handle (Z:\project 2.0 new\server\node_modules\express\lib\router\index.js:175:3)
    at router (Z:\project 2.0 new\server\node_modules\express\lib\router\index.js:47:12)
2026-08-08T11:25:01.732Z AggregateError: 
    at file:///Z:/project%202.0%20new/server/src/routes/publicRoutes.js:168:35
    at Layer.handle [as handle_request] (Z:\project 2.0 new\server\node_modules\express\lib\router\layer.js:95:5)
    at next (Z:\project 2.0 new\server\node_modules\express\lib\router\route.js:149:13)
    at Route.dispatch (Z:\project 2.0 new\server\node_modules\express\lib\router\route.js:119:3)
    at Layer.handle [as handle_request] (Z:\project 2.0 new\server\node_modules\express\lib\router\layer.js:95:5)
    at Z:\project 2.0 new\server\node_modules\express\lib\router\index.js:284:15
    at router.process_params (Z:\project 2.0 new\server\node_modules\express\lib\router\index.js:346:12)
    at next (Z:\project 2.0 new\server\node_modules\express\lib\router\index.js:280:10)
    at router.handle (Z:\project 2.0 new\server\node_modules\express\lib\router\index.js:175:3)
    at router (Z:\project 2.0 new\server\node_modules\express\lib\router\index.js:47:12)
2026-08-08T11:25:18.231Z AggregateError: 
    at file:///Z:/project%202.0%20new/server/src/routes/publicRoutes.js:168:35
    at Layer.handle [as handle_request] (Z:\project 2.0 new\server\node_modules\express\lib\router\layer.js:95:5)
    at next (Z:\project 2.0 new\server\node_modules\express\lib\router\route.js:149:13)
    at Route.dispatch (Z:\project 2.0 new\server\node_modules\express\lib\router\route.js:119:3)
    at Layer.handle [as handle_request] (Z:\project 2.0 new\server\node_modules\express\lib\router\layer.js:95:5)
    at Z:\project 2.0 new\server\node_modules\express\lib\router\index.js:284:15
    at router.process_params (Z:\project 2.0 new\server\node_modules\express\lib\router\index.js:346:12)
    at next (Z:\project 2.0 new\server\node_modules\express\lib\router\index.js:280:10)
    at router.handle (Z:\project 2.0 new\server\node_modules\express\lib\router\index.js:175:3)
    at router (Z:\project 2.0 new\server\node_modules\express\lib\router\index.js:47:12)
2026-08-08T11:25:18.285Z AggregateError: 
    at file:///Z:/project%202.0%20new/server/src/routes/publicRoutes.js:168:35
    at Layer.handle [as handle_request] (Z:\project 2.0 new\server\node_modules\express\lib\router\layer.js:95:5)
    at next (Z:\project 2.0 new\server\node_modules\express\lib\router\route.js:149:13)
    at Route.dispatch (Z:\project 2.0 new\server\node_modules\express\lib\router\route.js:119:3)
    at Layer.handle [as handle_request] (Z:\project 2.0 new\server\node_modules\express\lib\router\layer.js:95:5)
    at Z:\project 2.0 new\server\node_modules\express\lib\router\index.js:284:15
    at router.process_params (Z:\project 2.0 new\server\node_modules\express\lib\router\index.js:346:12)
    at next (Z:\project 2.0 new\server\node_modules\express\lib\router\index.js:280:10)
    at router.handle (Z:\project 2.0 new\server\node_modules\express\lib\router\index.js:175:3)
    at router (Z:\project 2.0 new\server\node_modules\express\lib\router\index.js:47:12)
2026-08-08T11:25:18.492Z AggregateError: 
    at file:///Z:/project%202.0%20new/server/src/routes/publicRoutes.js:168:35
    at Layer.handle [as handle_request] (Z:\project 2.0 new\server\node_modules\express\lib\router\layer.js:95:5)
    at next (Z:\project 2.0 new\server\node_modules\express\lib\router\route.js:149:13)
    at Route.dispatch (Z:\project 2.0 new\server\node_modules\express\lib\router\route.js:119:3)
    at Layer.handle [as handle_request] (Z:\project 2.0 new\server\node_modules\express\lib\router\layer.js:95:5)
    at Z:\project 2.0 new\server\node_modules\express\lib\router\index.js:284:15
    at router.process_params (Z:\project 2.0 new\server\node_modules\express\lib\router\index.js:346:12)
    at next (Z:\project 2.0 new\server\node_modules\express\lib\router\index.js:280:10)
    at router.handle (Z:\project 2.0 new\server\node_modules\express\lib\router\index.js:175:3)
    at router (Z:\project 2.0 new\server\node_modules\express\lib\router\index.js:47:12)
2026-08-08T11:25:18.531Z AggregateError: 
    at file:///Z:/project%202.0%20new/server/src/routes/publicRoutes.js:168:35
    at Layer.handle [as handle_request] (Z:\project 2.0 new\server\node_modules\express\lib\router\layer.js:95:5)
    at next (Z:\project 2.0 new\server\node_modules\express\lib\router\route.js:149:13)
    at Route.dispatch (Z:\project 2.0 new\server\node_modules\express\lib\router\route.js:119:3)
    at Layer.handle [as handle_request] (Z:\project 2.0 new\server\node_modules\express\lib\router\layer.js:95:5)
    at Z:\project 2.0 new\server\node_modules\express\lib\router\index.js:284:15
    at router.process_params (Z:\project 2.0 new\server\node_modules\express\lib\router\index.js:346:12)
    at next (Z:\project 2.0 new\server\node_modules\express\lib\router\index.js:280:10)
    at router.handle (Z:\project 2.0 new\server\node_modules\express\lib\router\index.js:175:3)
    at router (Z:\project 2.0 new\server\node_modules\express\lib\router\index.js:47:12)
2026-08-08T11:25:18.744Z AggregateError: 
    at file:///Z:/project%202.0%20new/server/src/routes/publicRoutes.js:168:35
    at Layer.handle [as handle_request] (Z:\project 2.0 new\server\node_modules\express\lib\router\layer.js:95:5)
    at next (Z:\project 2.0 new\server\node_modules\express\lib\router\route.js:149:13)
    at Route.dispatch (Z:\project 2.0 new\server\node_modules\express\lib\router\route.js:119:3)
    at Layer.handle [as handle_request] (Z:\project 2.0 new\server\node_modules\express\lib\router\layer.js:95:5)
    at Z:\project 2.0 new\server\node_modules\express\lib\router\index.js:284:15
    at router.process_params (Z:\project 2.0 new\server\node_modules\express\lib\router\index.js:346:12)
    at next (Z:\project 2.0 new\server\node_modules\express\lib\router\index.js:280:10)
    at router.handle (Z:\project 2.0 new\server\node_modules\express\lib\router\index.js:175:3)
    at router (Z:\project 2.0 new\server\node_modules\express\lib\router\index.js:47:12)
2026-08-08T11:29:46.165Z AggregateError: 
    at file:///Z:/project%202.0%20new/server/src/routes/publicRoutes.js:71:35
    at Layer.handle [as handle_request] (Z:\project 2.0 new\server\node_modules\express\lib\router\layer.js:95:5)
    at next (Z:\project 2.0 new\server\node_modules\express\lib\router\route.js:149:13)
    at Route.dispatch (Z:\project 2.0 new\server\node_modules\express\lib\router\route.js:119:3)
    at Layer.handle [as handle_request] (Z:\project 2.0 new\server\node_modules\express\lib\router\layer.js:95:5)
    at Z:\project 2.0 new\server\node_modules\express\lib\router\index.js:284:15
    at router.process_params (Z:\project 2.0 new\server\node_modules\express\lib\router\index.js:346:12)
    at next (Z:\project 2.0 new\server\node_modules\express\lib\router\index.js:280:10)
    at router.handle (Z:\project 2.0 new\server\node_modules\express\lib\router\index.js:175:3)
    at router (Z:\project 2.0 new\server\node_modules\express\lib\router\index.js:47:12)
2026-08-08T11:29:46.172Z AggregateError: 
    at file:///Z:/project%202.0%20new/server/src/routes/publicRoutes.js:237:37
    at Layer.handle [as handle_request] (Z:\project 2.0 new\server\node_modules\express\lib\router\layer.js:95:5)
    at next (Z:\project 2.0 new\server\node_modules\express\lib\router\route.js:149:13)
    at Route.dispatch (Z:\project 2.0 new\server\node_modules\express\lib\router\route.js:119:3)
    at Layer.handle [as handle_request] (Z:\project 2.0 new\server\node_modules\express\lib\router\layer.js:95:5)
    at Z:\project 2.0 new\server\node_modules\express\lib\router\index.js:284:15
    at router.process_params (Z:\project 2.0 new\server\node_modules\express\lib\router\index.js:346:12)
    at next (Z:\project 2.0 new\server\node_modules\express\lib\router\index.js:280:10)
    at router.handle (Z:\project 2.0 new\server\node_modules\express\lib\router\index.js:175:3)
    at router (Z:\project 2.0 new\server\node_modules\express\lib\router\index.js:47:12)
2026-08-08T11:29:46.175Z AggregateError: 
    at file:///Z:/project%202.0%20new/server/src/routes/publicRoutes.js:222:30
    at Layer.handle [as handle_request] (Z:\project 2.0 new\server\node_modules\express\lib\router\layer.js:95:5)
    at next (Z:\project 2.0 new\server\node_modules\express\lib\router\route.js:149:13)
    at Route.dispatch (Z:\project 2.0 new\server\node_modules\express\lib\router\route.js:119:3)
    at Layer.handle [as handle_request] (Z:\project 2.0 new\server\node_modules\express\lib\router\layer.js:95:5)
    at Z:\project 2.0 new\server\node_modules\express\lib\router\index.js:284:15
    at router.process_params (Z:\project 2.0 new\server\node_modules\express\lib\router\index.js:346:12)
    at next (Z:\project 2.0 new\server\node_modules\express\lib\router\index.js:280:10)
    at router.handle (Z:\project 2.0 new\server\node_modules\express\lib\router\index.js:175:3)
    at router (Z:\project 2.0 new\server\node_modules\express\lib\router\index.js:47:12)
2026-08-08T11:29:46.179Z AggregateError: 
    at file:///Z:/project%202.0%20new/server/src/routes/publicRoutes.js:17:37
    at Layer.handle [as handle_request] (Z:\project 2.0 new\server\node_modules\express\lib\router\layer.js:95:5)
    at next (Z:\project 2.0 new\server\node_modules\express\lib\router\route.js:149:13)
    at Route.dispatch (Z:\project 2.0 new\server\node_modules\express\lib\router\route.js:119:3)
    at Layer.handle [as handle_request] (Z:\project 2.0 new\server\node_modules\express\lib\router\layer.js:95:5)
    at Z:\project 2.0 new\server\node_modules\express\lib\router\index.js:284:15
    at router.process_params (Z:\project 2.0 new\server\node_modules\express\lib\router\index.js:346:12)
    at next (Z:\project 2.0 new\server\node_modules\express\lib\router\index.js:280:10)
    at router.handle (Z:\project 2.0 new\server\node_modules\express\lib\router\index.js:175:3)
    at router (Z:\project 2.0 new\server\node_modules\express\lib\router\index.js:47:12)
2026-08-08T11:29:46.197Z AggregateError: 
    at file:///Z:/project%202.0%20new/server/src/routes/publicRoutes.js:71:35
    at Layer.handle [as handle_request] (Z:\project 2.0 new\server\node_modules\express\lib\router\layer.js:95:5)
    at next (Z:\project 2.0 new\server\node_modules\express\lib\router\route.js:149:13)
    at Route.dispatch (Z:\project 2.0 new\server\node_modules\express\lib\router\route.js:119:3)
    at Layer.handle [as handle_request] (Z:\project 2.0 new\server\node_modules\express\lib\router\layer.js:95:5)
    at Z:\project 2.0 new\server\node_modules\express\lib\router\index.js:284:15
    at router.process_params (Z:\project 2.0 new\server\node_modules\express\lib\router\index.js:346:12)
    at next (Z:\project 2.0 new\server\node_modules\express\lib\router\index.js:280:10)
    at router.handle (Z:\project 2.0 new\server\node_modules\express\lib\router\index.js:175:3)
    at router (Z:\project 2.0 new\server\node_modules\express\lib\router\index.js:47:12)
2026-08-08T11:29:46.200Z AggregateError: 
    at file:///Z:/project%202.0%20new/server/src/routes/publicRoutes.js:237:37
    at Layer.handle [as handle_request] (Z:\project 2.0 new\server\node_modules\express\lib\router\layer.js:95:5)
    at next (Z:\project 2.0 new\server\node_modules\express\lib\router\route.js:149:13)
    at Route.dispatch (Z:\project 2.0 new\server\node_modules\express\lib\router\route.js:119:3)
    at Layer.handle [as handle_request] (Z:\project 2.0 new\server\node_modules\express\lib\router\layer.js:95:5)
    at Z:\project 2.0 new\server\node_modules\express\lib\router\index.js:284:15
    at router.process_params (Z:\project 2.0 new\server\node_modules\express\lib\router\index.js:346:12)
    at next (Z:\project 2.0 new\server\node_modules\express\lib\router\index.js:280:10)
    at router.handle (Z:\project 2.0 new\server\node_modules\express\lib\router\index.js:175:3)
    at router (Z:\project 2.0 new\server\node_modules\express\lib\router\index.js:47:12)
2026-08-08T11:29:46.204Z AggregateError: 
    at file:///Z:/project%202.0%20new/server/src/routes/publicRoutes.js:222:30
    at Layer.handle [as handle_request] (Z:\project 2.0 new\server\node_modules\express\lib\router\layer.js:95:5)
    at next (Z:\project 2.0 new\server\node_modules\express\lib\router\route.js:149:13)
    at Route.dispatch (Z:\project 2.0 new\server\node_modules\express\lib\router\route.js:119:3)
    at Layer.handle [as handle_request] (Z:\project 2.0 new\server\node_modules\express\lib\router\layer.js:95:5)
    at Z:\project 2.0 new\server\node_modules\express\lib\router\index.js:284:15
    at router.process_params (Z:\project 2.0 new\server\node_modules\express\lib\router\index.js:346:12)
    at next (Z:\project 2.0 new\server\node_modules\express\lib\router\index.js:280:10)
    at router.handle (Z:\project 2.0 new\server\node_modules\express\lib\router\index.js:175:3)
    at router (Z:\project 2.0 new\server\node_modules\express\lib\router\index.js:47:12)
2026-08-08T11:29:46.208Z AggregateError: 
    at file:///Z:/project%202.0%20new/server/src/routes/publicRoutes.js:17:37
    at Layer.handle [as handle_request] (Z:\project 2.0 new\server\node_modules\express\lib\router\layer.js:95:5)
    at next (Z:\project 2.0 new\server\node_modules\express\lib\router\route.js:149:13)
    at Route.dispatch (Z:\project 2.0 new\server\node_modules\express\lib\router\route.js:119:3)
    at Layer.handle [as handle_request] (Z:\project 2.0 new\server\node_modules\express\lib\router\layer.js:95:5)
    at Z:\project 2.0 new\server\node_modules\express\lib\router\index.js:284:15
    at router.process_params (Z:\project 2.0 new\server\node_modules\express\lib\router\index.js:346:12)
    at next (Z:\project 2.0 new\server\node_modules\express\lib\router\index.js:280:10)
    at router.handle (Z:\project 2.0 new\server\node_modules\express\lib\router\index.js:175:3)
    at router (Z:\project 2.0 new\server\node_modules\express\lib\router\index.js:47:12)
2026-08-08T11:29:46.232Z AggregateError: 
    at file:///Z:/project%202.0%20new/server/src/routes/publicRoutes.js:17:37
    at Layer.handle [as handle_request] (Z:\project 2.0 new\server\node_modules\express\lib\router\layer.js:95:5)
    at next (Z:\project 2.0 new\server\node_modules\express\lib\router\route.js:149:13)
    at Route.dispatch (Z:\project 2.0 new\server\node_modules\express\lib\router\route.js:119:3)
    at Layer.handle [as handle_request] (Z:\project 2.0 new\server\node_modules\express\lib\router\layer.js:95:5)
    at Z:\project 2.0 new\server\node_modules\express\lib\router\index.js:284:15
    at router.process_params (Z:\project 2.0 new\server\node_modules\express\lib\router\index.js:346:12)
    at next (Z:\project 2.0 new\server\node_modules\express\lib\router\index.js:280:10)
    at router.handle (Z:\project 2.0 new\server\node_modules\express\lib\router\index.js:175:3)
    at router (Z:\project 2.0 new\server\node_modules\express\lib\router\index.js:47:12)
2026-08-08T11:29:46.247Z AggregateError: 
    at file:///Z:/project%202.0%20new/server/src/routes/publicRoutes.js:17:37
    at Layer.handle [as handle_request] (Z:\project 2.0 new\server\node_modules\express\lib\router\layer.js:95:5)
    at next (Z:\project 2.0 new\server\node_modules\express\lib\router\route.js:149:13)
    at Route.dispatch (Z:\project 2.0 new\server\node_modules\express\lib\router\route.js:119:3)
    at Layer.handle [as handle_request] (Z:\project 2.0 new\server\node_modules\express\lib\router\layer.js:95:5)
    at Z:\project 2.0 new\server\node_modules\express\lib\router\index.js:284:15
    at router.process_params (Z:\project 2.0 new\server\node_modules\express\lib\router\index.js:346:12)
    at next (Z:\project 2.0 new\server\node_modules\express\lib\router\index.js:280:10)
    at router.handle (Z:\project 2.0 new\server\node_modules\express\lib\router\index.js:175:3)
    at router (Z:\project 2.0 new\server\node_modules\express\lib\router\index.js:47:12)
2026-08-08T11:29:46.332Z AggregateError: 
    at file:///Z:/project%202.0%20new/server/src/routes/publicRoutes.js:168:35
    at Layer.handle [as handle_request] (Z:\project 2.0 new\server\node_modules\express\lib\router\layer.js:95:5)
    at next (Z:\project 2.0 new\server\node_modules\express\lib\router\route.js:149:13)
    at Route.dispatch (Z:\project 2.0 new\server\node_modules\express\lib\router\route.js:119:3)
    at Layer.handle [as handle_request] (Z:\project 2.0 new\server\node_modules\express\lib\router\layer.js:95:5)
    at Z:\project 2.0 new\server\node_modules\express\lib\router\index.js:284:15
    at router.process_params (Z:\project 2.0 new\server\node_modules\express\lib\router\index.js:346:12)
    at next (Z:\project 2.0 new\server\node_modules\express\lib\router\index.js:280:10)
    at router.handle (Z:\project 2.0 new\server\node_modules\express\lib\router\index.js:175:3)
    at router (Z:\project 2.0 new\server\node_modules\express\lib\router\index.js:47:12)
2026-08-08T11:29:49.517Z AggregateError: 
    at file:///Z:/project%202.0%20new/server/src/routes/publicRoutes.js:71:35
    at Layer.handle [as handle_request] (Z:\project 2.0 new\server\node_modules\express\lib\router\layer.js:95:5)
    at next (Z:\project 2.0 new\server\node_modules\express\lib\router\route.js:149:13)
    at Route.dispatch (Z:\project 2.0 new\server\node_modules\express\lib\router\route.js:119:3)
    at Layer.handle [as handle_request] (Z:\project 2.0 new\server\node_modules\express\lib\router\layer.js:95:5)
    at Z:\project 2.0 new\server\node_modules\express\lib\router\index.js:284:15
    at router.process_params (Z:\project 2.0 new\server\node_modules\express\lib\router\index.js:346:12)
    at next (Z:\project 2.0 new\server\node_modules\express\lib\router\index.js:280:10)
    at router.handle (Z:\project 2.0 new\server\node_modules\express\lib\router\index.js:175:3)
    at router (Z:\project 2.0 new\server\node_modules\express\lib\router\index.js:47:12)
2026-08-08T11:29:49.520Z AggregateError: 
    at file:///Z:/project%202.0%20new/server/src/routes/publicRoutes.js:222:30
    at Layer.handle [as handle_request] (Z:\project 2.0 new\server\node_modules\express\lib\router\layer.js:95:5)
    at next (Z:\project 2.0 new\server\node_modules\express\lib\router\route.js:149:13)
    at Route.dispatch (Z:\project 2.0 new\server\node_modules\express\lib\router\route.js:119:3)
    at Layer.handle [as handle_request] (Z:\project 2.0 new\server\node_modules\express\lib\router\layer.js:95:5)
    at Z:\project 2.0 new\server\node_modules\express\lib\router\index.js:284:15
    at router.process_params (Z:\project 2.0 new\server\node_modules\express\lib\router\index.js:346:12)
    at next (Z:\project 2.0 new\server\node_modules\express\lib\router\index.js:280:10)
    at router.handle (Z:\project 2.0 new\server\node_modules\express\lib\router\index.js:175:3)
    at router (Z:\project 2.0 new\server\node_modules\express\lib\router\index.js:47:12)
2026-08-08T11:29:49.523Z AggregateError: 
    at file:///Z:/project%202.0%20new/server/src/routes/publicRoutes.js:237:37
    at Layer.handle [as handle_request] (Z:\project 2.0 new\server\node_modules\express\lib\router\layer.js:95:5)
    at next (Z:\project 2.0 new\server\node_modules\express\lib\router\route.js:149:13)
    at Route.dispatch (Z:\project 2.0 new\server\node_modules\express\lib\router\route.js:119:3)
    at Layer.handle [as handle_request] (Z:\project 2.0 new\server\node_modules\express\lib\router\layer.js:95:5)
    at Z:\project 2.0 new\server\node_modules\express\lib\router\index.js:284:15
    at router.process_params (Z:\project 2.0 new\server\node_modules\express\lib\router\index.js:346:12)
    at next (Z:\project 2.0 new\server\node_modules\express\lib\router\index.js:280:10)
    at router.handle (Z:\project 2.0 new\server\node_modules\express\lib\router\index.js:175:3)
    at router (Z:\project 2.0 new\server\node_modules\express\lib\router\index.js:47:12)
2026-08-08T11:29:49.526Z AggregateError: 
    at file:///Z:/project%202.0%20new/server/src/routes/publicRoutes.js:17:37
    at Layer.handle [as handle_request] (Z:\project 2.0 new\server\node_modules\express\lib\router\layer.js:95:5)
    at next (Z:\project 2.0 new\server\node_modules\express\lib\router\route.js:149:13)
    at Route.dispatch (Z:\project 2.0 new\server\node_modules\express\lib\router\route.js:119:3)
    at Layer.handle [as handle_request] (Z:\project 2.0 new\server\node_modules\express\lib\router\layer.js:95:5)
    at Z:\project 2.0 new\server\node_modules\express\lib\router\index.js:284:15
    at router.process_params (Z:\project 2.0 new\server\node_modules\express\lib\router\index.js:346:12)
    at next (Z:\project 2.0 new\server\node_modules\express\lib\router\index.js:280:10)
    at router.handle (Z:\project 2.0 new\server\node_modules\express\lib\router\index.js:175:3)
    at router (Z:\project 2.0 new\server\node_modules\express\lib\router\index.js:47:12)
2026-08-08T11:29:49.544Z AggregateError: 
    at file:///Z:/project%202.0%20new/server/src/routes/publicRoutes.js:71:35
    at Layer.handle [as handle_request] (Z:\project 2.0 new\server\node_modules\express\lib\router\layer.js:95:5)
    at next (Z:\project 2.0 new\server\node_modules\express\lib\router\route.js:149:13)
    at Route.dispatch (Z:\project 2.0 new\server\node_modules\express\lib\router\route.js:119:3)
    at Layer.handle [as handle_request] (Z:\project 2.0 new\server\node_modules\express\lib\router\layer.js:95:5)
    at Z:\project 2.0 new\server\node_modules\express\lib\router\index.js:284:15
    at router.process_params (Z:\project 2.0 new\server\node_modules\express\lib\router\index.js:346:12)
    at next (Z:\project 2.0 new\server\node_modules\express\lib\router\index.js:280:10)
    at router.handle (Z:\project 2.0 new\server\node_modules\express\lib\router\index.js:175:3)
    at router (Z:\project 2.0 new\server\node_modules\express\lib\router\index.js:47:12)
2026-08-08T11:29:49.546Z AggregateError: 
    at file:///Z:/project%202.0%20new/server/src/routes/publicRoutes.js:222:30
    at Layer.handle [as handle_request] (Z:\project 2.0 new\server\node_modules\express\lib\router\layer.js:95:5)
    at next (Z:\project 2.0 new\server\node_modules\express\lib\router\route.js:149:13)
    at Route.dispatch (Z:\project 2.0 new\server\node_modules\express\lib\router\route.js:119:3)
    at Layer.handle [as handle_request] (Z:\project 2.0 new\server\node_modules\express\lib\router\layer.js:95:5)
    at Z:\project 2.0 new\server\node_modules\express\lib\router\index.js:284:15
    at router.process_params (Z:\project 2.0 new\server\node_modules\express\lib\router\index.js:346:12)
    at next (Z:\project 2.0 new\server\node_modules\express\lib\router\index.js:280:10)
    at router.handle (Z:\project 2.0 new\server\node_modules\express\lib\router\index.js:175:3)
    at router (Z:\project 2.0 new\server\node_modules\express\lib\router\index.js:47:12)
2026-08-08T11:29:49.552Z AggregateError: 
    at file:///Z:/project%202.0%20new/server/src/routes/publicRoutes.js:237:37
    at Layer.handle [as handle_request] (Z:\project 2.0 new\server\node_modules\express\lib\router\layer.js:95:5)
    at next (Z:\project 2.0 new\server\node_modules\express\lib\router\route.js:149:13)
    at Route.dispatch (Z:\project 2.0 new\server\node_modules\express\lib\router\route.js:119:3)
    at Layer.handle [as handle_request] (Z:\project 2.0 new\server\node_modules\express\lib\router\layer.js:95:5)
    at Z:\project 2.0 new\server\node_modules\express\lib\router\index.js:284:15
    at router.process_params (Z:\project 2.0 new\server\node_modules\express\lib\router\index.js:346:12)
    at next (Z:\project 2.0 new\server\node_modules\express\lib\router\index.js:280:10)
    at router.handle (Z:\project 2.0 new\server\node_modules\express\lib\router\index.js:175:3)
    at router (Z:\project 2.0 new\server\node_modules\express\lib\router\index.js:47:12)
2026-08-08T11:29:49.556Z AggregateError: 
    at file:///Z:/project%202.0%20new/server/src/routes/publicRoutes.js:17:37
    at Layer.handle [as handle_request] (Z:\project 2.0 new\server\node_modules\express\lib\router\layer.js:95:5)
    at next (Z:\project 2.0 new\server\node_modules\express\lib\router\route.js:149:13)
    at Route.dispatch (Z:\project 2.0 new\server\node_modules\express\lib\router\route.js:119:3)
    at Layer.handle [as handle_request] (Z:\project 2.0 new\server\node_modules\express\lib\router\layer.js:95:5)
    at Z:\project 2.0 new\server\node_modules\express\lib\router\index.js:284:15
    at router.process_params (Z:\project 2.0 new\server\node_modules\express\lib\router\index.js:346:12)
    at next (Z:\project 2.0 new\server\node_modules\express\lib\router\index.js:280:10)
    at router.handle (Z:\project 2.0 new\server\node_modules\express\lib\router\index.js:175:3)
    at router (Z:\project 2.0 new\server\node_modules\express\lib\router\index.js:47:12)
2026-08-08T11:29:49.566Z AggregateError: 
    at file:///Z:/project%202.0%20new/server/src/routes/publicRoutes.js:17:37
    at Layer.handle [as handle_request] (Z:\project 2.0 new\server\node_modules\express\lib\router\layer.js:95:5)
    at next (Z:\project 2.0 new\server\node_modules\express\lib\router\route.js:149:13)
    at Route.dispatch (Z:\project 2.0 new\server\node_modules\express\lib\router\route.js:119:3)
    at Layer.handle [as handle_request] (Z:\project 2.0 new\server\node_modules\express\lib\router\layer.js:95:5)
    at Z:\project 2.0 new\server\node_modules\express\lib\router\index.js:284:15
    at router.process_params (Z:\project 2.0 new\server\node_modules\express\lib\router\index.js:346:12)
    at next (Z:\project 2.0 new\server\node_modules\express\lib\router\index.js:280:10)
    at router.handle (Z:\project 2.0 new\server\node_modules\express\lib\router\index.js:175:3)
    at router (Z:\project 2.0 new\server\node_modules\express\lib\router\index.js:47:12)
2026-08-08T11:29:49.586Z AggregateError: 
    at file:///Z:/project%202.0%20new/server/src/routes/publicRoutes.js:17:37
    at Layer.handle [as handle_request] (Z:\project 2.0 new\server\node_modules\express\lib\router\layer.js:95:5)
    at next (Z:\project 2.0 new\server\node_modules\express\lib\router\route.js:149:13)
    at Route.dispatch (Z:\project 2.0 new\server\node_modules\express\lib\router\route.js:119:3)
    at Layer.handle [as handle_request] (Z:\project 2.0 new\server\node_modules\express\lib\router\layer.js:95:5)
    at Z:\project 2.0 new\server\node_modules\express\lib\router\index.js:284:15
    at router.process_params (Z:\project 2.0 new\server\node_modules\express\lib\router\index.js:346:12)
    at next (Z:\project 2.0 new\server\node_modules\express\lib\router\index.js:280:10)
    at router.handle (Z:\project 2.0 new\server\node_modules\express\lib\router\index.js:175:3)
    at router (Z:\project 2.0 new\server\node_modules\express\lib\router\index.js:47:12)
2026-08-08T11:29:49.687Z AggregateError: 
    at file:///Z:/project%202.0%20new/server/src/routes/publicRoutes.js:168:35
    at Layer.handle [as handle_request] (Z:\project 2.0 new\server\node_modules\express\lib\router\layer.js:95:5)
    at next (Z:\project 2.0 new\server\node_modules\express\lib\router\route.js:149:13)
    at Route.dispatch (Z:\project 2.0 new\server\node_modules\express\lib\router\route.js:119:3)
    at Layer.handle [as handle_request] (Z:\project 2.0 new\server\node_modules\express\lib\router\layer.js:95:5)
    at Z:\project 2.0 new\server\node_modules\express\lib\router\index.js:284:15
    at router.process_params (Z:\project 2.0 new\server\node_modules\express\lib\router\index.js:346:12)
    at next (Z:\project 2.0 new\server\node_modules\express\lib\router\index.js:280:10)
    at router.handle (Z:\project 2.0 new\server\node_modules\express\lib\router\index.js:175:3)
    at router (Z:\project 2.0 new\server\node_modules\express\lib\router\index.js:47:12)
2026-08-10T04:11:51.042Z AggregateError: 
    at file:///Z:/project%202.0%20new/server/src/routes/publicRoutes.js:222:30
    at Layer.handle [as handle_request] (Z:\project 2.0 new\server\node_modules\express\lib\router\layer.js:95:5)
    at next (Z:\project 2.0 new\server\node_modules\express\lib\router\route.js:149:13)
    at Route.dispatch (Z:\project 2.0 new\server\node_modules\express\lib\router\route.js:119:3)
    at Layer.handle [as handle_request] (Z:\project 2.0 new\server\node_modules\express\lib\router\layer.js:95:5)
    at Z:\project 2.0 new\server\node_modules\express\lib\router\index.js:284:15
    at router.process_params (Z:\project 2.0 new\server\node_modules\express\lib\router\index.js:346:12)
    at next (Z:\project 2.0 new\server\node_modules\express\lib\router\index.js:280:10)
    at router.handle (Z:\project 2.0 new\server\node_modules\express\lib\router\index.js:175:3)
    at router (Z:\project 2.0 new\server\node_modules\express\lib\router\index.js:47:12)
2026-08-10T04:11:51.047Z AggregateError: 
    at file:///Z:/project%202.0%20new/server/src/routes/publicRoutes.js:71:35
    at Layer.handle [as handle_request] (Z:\project 2.0 new\server\node_modules\express\lib\router\layer.js:95:5)
    at next (Z:\project 2.0 new\server\node_modules\express\lib\router\route.js:149:13)
    at Route.dispatch (Z:\project 2.0 new\server\node_modules\express\lib\router\route.js:119:3)
    at Layer.handle [as handle_request] (Z:\project 2.0 new\server\node_modules\express\lib\router\layer.js:95:5)
    at Z:\project 2.0 new\server\node_modules\express\lib\router\index.js:284:15
    at router.process_params (Z:\project 2.0 new\server\node_modules\express\lib\router\index.js:346:12)
    at next (Z:\project 2.0 new\server\node_modules\express\lib\router\index.js:280:10)
    at router.handle (Z:\project 2.0 new\server\node_modules\express\lib\router\index.js:175:3)
    at router (Z:\project 2.0 new\server\node_modules\express\lib\router\index.js:47:12)
2026-08-10T04:11:51.051Z AggregateError: 
    at file:///Z:/project%202.0%20new/server/src/routes/publicRoutes.js:17:37
    at Layer.handle [as handle_request] (Z:\project 2.0 new\server\node_modules\express\lib\router\layer.js:95:5)
    at next (Z:\project 2.0 new\server\node_modules\express\lib\router\route.js:149:13)
    at Route.dispatch (Z:\project 2.0 new\server\node_modules\express\lib\router\route.js:119:3)
    at Layer.handle [as handle_request] (Z:\project 2.0 new\server\node_modules\express\lib\router\layer.js:95:5)
    at Z:\project 2.0 new\server\node_modules\express\lib\router\index.js:284:15
    at router.process_params (Z:\project 2.0 new\server\node_modules\express\lib\router\index.js:346:12)
    at next (Z:\project 2.0 new\server\node_modules\express\lib\router\index.js:280:10)
    at router.handle (Z:\project 2.0 new\server\node_modules\express\lib\router\index.js:175:3)
    at router (Z:\project 2.0 new\server\node_modules\express\lib\router\index.js:47:12)
2026-08-10T04:11:51.056Z AggregateError: 
    at file:///Z:/project%202.0%20new/server/src/routes/publicRoutes.js:237:37
    at Layer.handle [as handle_request] (Z:\project 2.0 new\server\node_modules\express\lib\router\layer.js:95:5)
    at next (Z:\project 2.0 new\server\node_modules\express\lib\router\route.js:149:13)
    at Route.dispatch (Z:\project 2.0 new\server\node_modules\express\lib\router\route.js:119:3)
    at Layer.handle [as handle_request] (Z:\project 2.0 new\server\node_modules\express\lib\router\layer.js:95:5)
    at Z:\project 2.0 new\server\node_modules\express\lib\router\index.js:284:15
    at router.process_params (Z:\project 2.0 new\server\node_modules\express\lib\router\index.js:346:12)
    at next (Z:\project 2.0 new\server\node_modules\express\lib\router\index.js:280:10)
    at router.handle (Z:\project 2.0 new\server\node_modules\express\lib\router\index.js:175:3)
    at router (Z:\project 2.0 new\server\node_modules\express\lib\router\index.js:47:12)
2026-08-10T04:11:51.074Z AggregateError: 
    at file:///Z:/project%202.0%20new/server/src/routes/publicRoutes.js:222:30
    at Layer.handle [as handle_request] (Z:\project 2.0 new\server\node_modules\express\lib\router\layer.js:95:5)
    at next (Z:\project 2.0 new\server\node_modules\express\lib\router\route.js:149:13)
    at Route.dispatch (Z:\project 2.0 new\server\node_modules\express\lib\router\route.js:119:3)
    at Layer.handle [as handle_request] (Z:\project 2.0 new\server\node_modules\express\lib\router\layer.js:95:5)
    at Z:\project 2.0 new\server\node_modules\express\lib\router\index.js:284:15
    at router.process_params (Z:\project 2.0 new\server\node_modules\express\lib\router\index.js:346:12)
    at next (Z:\project 2.0 new\server\node_modules\express\lib\router\index.js:280:10)
    at router.handle (Z:\project 2.0 new\server\node_modules\express\lib\router\index.js:175:3)
    at router (Z:\project 2.0 new\server\node_modules\express\lib\router\index.js:47:12)
2026-08-10T04:11:51.076Z AggregateError: 
    at file:///Z:/project%202.0%20new/server/src/routes/publicRoutes.js:71:35
    at Layer.handle [as handle_request] (Z:\project 2.0 new\server\node_modules\express\lib\router\layer.js:95:5)
    at next (Z:\project 2.0 new\server\node_modules\express\lib\router\route.js:149:13)
    at Route.dispatch (Z:\project 2.0 new\server\node_modules\express\lib\router\route.js:119:3)
    at Layer.handle [as handle_request] (Z:\project 2.0 new\server\node_modules\express\lib\router\layer.js:95:5)
    at Z:\project 2.0 new\server\node_modules\express\lib\router\index.js:284:15
    at router.process_params (Z:\project 2.0 new\server\node_modules\express\lib\router\index.js:346:12)
    at next (Z:\project 2.0 new\server\node_modules\express\lib\router\index.js:280:10)
    at router.handle (Z:\project 2.0 new\server\node_modules\express\lib\router\index.js:175:3)
    at router (Z:\project 2.0 new\server\node_modules\express\lib\router\index.js:47:12)
2026-08-10T04:11:51.079Z AggregateError: 
    at file:///Z:/project%202.0%20new/server/src/routes/publicRoutes.js:17:37
    at Layer.handle [as handle_request] (Z:\project 2.0 new\server\node_modules\express\lib\router\layer.js:95:5)
    at next (Z:\project 2.0 new\server\node_modules\express\lib\router\route.js:149:13)
    at Route.dispatch (Z:\project 2.0 new\server\node_modules\express\lib\router\route.js:119:3)
    at Layer.handle [as handle_request] (Z:\project 2.0 new\server\node_modules\express\lib\router\layer.js:95:5)
    at Z:\project 2.0 new\server\node_modules\express\lib\router\index.js:284:15
    at router.process_params (Z:\project 2.0 new\server\node_modules\express\lib\router\index.js:346:12)
    at next (Z:\project 2.0 new\server\node_modules\express\lib\router\index.js:280:10)
    at router.handle (Z:\project 2.0 new\server\node_modules\express\lib\router\index.js:175:3)
    at router (Z:\project 2.0 new\server\node_modules\express\lib\router\index.js:47:12)
2026-08-10T04:11:51.082Z AggregateError: 
    at file:///Z:/project%202.0%20new/server/src/routes/publicRoutes.js:237:37
    at Layer.handle [as handle_request] (Z:\project 2.0 new\server\node_modules\express\lib\router\layer.js:95:5)
    at next (Z:\project 2.0 new\server\node_modules\express\lib\router\route.js:149:13)
    at Route.dispatch (Z:\project 2.0 new\server\node_modules\express\lib\router\route.js:119:3)
    at Layer.handle [as handle_request] (Z:\project 2.0 new\server\node_modules\express\lib\router\layer.js:95:5)
    at Z:\project 2.0 new\server\node_modules\express\lib\router\index.js:284:15
    at router.process_params (Z:\project 2.0 new\server\node_modules\express\lib\router\index.js:346:12)
    at next (Z:\project 2.0 new\server\node_modules\express\lib\router\index.js:280:10)
    at router.handle (Z:\project 2.0 new\server\node_modules\express\lib\router\index.js:175:3)
    at router (Z:\project 2.0 new\server\node_modules\express\lib\router\index.js:47:12)
2026-08-10T04:11:51.091Z AggregateError: 
    at file:///Z:/project%202.0%20new/server/src/routes/publicRoutes.js:17:37
    at Layer.handle [as handle_request] (Z:\project 2.0 new\server\node_modules\express\lib\router\layer.js:95:5)
    at next (Z:\project 2.0 new\server\node_modules\express\lib\router\route.js:149:13)
    at Route.dispatch (Z:\project 2.0 new\server\node_modules\express\lib\router\route.js:119:3)
    at Layer.handle [as handle_request] (Z:\project 2.0 new\server\node_modules\express\lib\router\layer.js:95:5)
    at Z:\project 2.0 new\server\node_modules\express\lib\router\index.js:284:15
    at router.process_params (Z:\project 2.0 new\server\node_modules\express\lib\router\index.js:346:12)
    at next (Z:\project 2.0 new\server\node_modules\express\lib\router\index.js:280:10)
    at router.handle (Z:\project 2.0 new\server\node_modules\express\lib\router\index.js:175:3)
    at router (Z:\project 2.0 new\server\node_modules\express\lib\router\index.js:47:12)
2026-08-10T04:11:51.097Z AggregateError: 
    at file:///Z:/project%202.0%20new/server/src/routes/publicRoutes.js:17:37
    at Layer.handle [as handle_request] (Z:\project 2.0 new\server\node_modules\express\lib\router\layer.js:95:5)
    at next (Z:\project 2.0 new\server\node_modules\express\lib\router\route.js:149:13)
    at Route.dispatch (Z:\project 2.0 new\server\node_modules\express\lib\router\route.js:119:3)
    at Layer.handle [as handle_request] (Z:\project 2.0 new\server\node_modules\express\lib\router\layer.js:95:5)
    at Z:\project 2.0 new\server\node_modules\express\lib\router\index.js:284:15
    at router.process_params (Z:\project 2.0 new\server\node_modules\express\lib\router\index.js:346:12)
    at next (Z:\project 2.0 new\server\node_modules\express\lib\router\index.js:280:10)
    at router.handle (Z:\project 2.0 new\server\node_modules\express\lib\router\index.js:175:3)
    at router (Z:\project 2.0 new\server\node_modules\express\lib\router\index.js:47:12)
2026-08-10T04:11:51.122Z AggregateError: 
    at file:///Z:/project%202.0%20new/server/src/routes/publicRoutes.js:168:35
    at Layer.handle [as handle_request] (Z:\project 2.0 new\server\node_modules\express\lib\router\layer.js:95:5)
    at next (Z:\project 2.0 new\server\node_modules\express\lib\router\route.js:149:13)
    at Route.dispatch (Z:\project 2.0 new\server\node_modules\express\lib\router\route.js:119:3)
    at Layer.handle [as handle_request] (Z:\project 2.0 new\server\node_modules\express\lib\router\layer.js:95:5)
    at Z:\project 2.0 new\server\node_modules\express\lib\router\index.js:284:15
    at router.process_params (Z:\project 2.0 new\server\node_modules\express\lib\router\index.js:346:12)
    at next (Z:\project 2.0 new\server\node_modules\express\lib\router\index.js:280:10)
    at router.handle (Z:\project 2.0 new\server\node_modules\express\lib\router\index.js:175:3)
    at router (Z:\project 2.0 new\server\node_modules\express\lib\router\index.js:47:12)
2026-08-10T04:11:52.407Z AggregateError: 
    at file:///Z:/project%202.0%20new/server/src/routes/publicRoutes.js:168:35
    at Layer.handle [as handle_request] (Z:\project 2.0 new\server\node_modules\express\lib\router\layer.js:95:5)
    at next (Z:\project 2.0 new\server\node_modules\express\lib\router\route.js:149:13)
    at Route.dispatch (Z:\project 2.0 new\server\node_modules\express\lib\router\route.js:119:3)
    at Layer.handle [as handle_request] (Z:\project 2.0 new\server\node_modules\express\lib\router\layer.js:95:5)
    at Z:\project 2.0 new\server\node_modules\express\lib\router\index.js:284:15
    at router.process_params (Z:\project 2.0 new\server\node_modules\express\lib\router\index.js:346:12)
    at next (Z:\project 2.0 new\server\node_modules\express\lib\router\index.js:280:10)
    at router.handle (Z:\project 2.0 new\server\node_modules\express\lib\router\index.js:175:3)
    at router (Z:\project 2.0 new\server\node_modules\express\lib\router\index.js:47:12)
2026-08-10T04:11:52.436Z AggregateError: 
    at file:///Z:/project%202.0%20new/server/src/routes/publicRoutes.js:168:35
    at Layer.handle [as handle_request] (Z:\project 2.0 new\server\node_modules\express\lib\router\layer.js:95:5)
    at next (Z:\project 2.0 new\server\node_modules\express\lib\router\route.js:149:13)
    at Route.dispatch (Z:\project 2.0 new\server\node_modules\express\lib\router\route.js:119:3)
    at Layer.handle [as handle_request] (Z:\project 2.0 new\server\node_modules\express\lib\router\layer.js:95:5)
    at Z:\project 2.0 new\server\node_modules\express\lib\router\index.js:284:15
    at router.process_params (Z:\project 2.0 new\server\node_modules\express\lib\router\index.js:346:12)
    at next (Z:\project 2.0 new\server\node_modules\express\lib\router\index.js:280:10)
    at router.handle (Z:\project 2.0 new\server\node_modules\express\lib\router\index.js:175:3)
    at router (Z:\project 2.0 new\server\node_modules\express\lib\router\index.js:47:12)
2026-08-10T04:11:52.454Z AggregateError: 
    at file:///Z:/project%202.0%20new/server/src/routes/publicRoutes.js:168:35
    at Layer.handle [as handle_request] (Z:\project 2.0 new\server\node_modules\express\lib\router\layer.js:95:5)
    at next (Z:\project 2.0 new\server\node_modules\express\lib\router\route.js:149:13)
    at Route.dispatch (Z:\project 2.0 new\server\node_modules\express\lib\router\route.js:119:3)
    at Layer.handle [as handle_request] (Z:\project 2.0 new\server\node_modules\express\lib\router\layer.js:95:5)
    at Z:\project 2.0 new\server\node_modules\express\lib\router\index.js:284:15
    at router.process_params (Z:\project 2.0 new\server\node_modules\express\lib\router\index.js:346:12)
    at next (Z:\project 2.0 new\server\node_modules\express\lib\router\index.js:280:10)
    at router.handle (Z:\project 2.0 new\server\node_modules\express\lib\router\index.js:175:3)
    at router (Z:\project 2.0 new\server\node_modules\express\lib\router\index.js:47:12)
2026-08-10T04:11:52.487Z AggregateError: 
    at file:///Z:/project%202.0%20new/server/src/routes/publicRoutes.js:168:35
    at Layer.handle [as handle_request] (Z:\project 2.0 new\server\node_modules\express\lib\router\layer.js:95:5)
    at next (Z:\project 2.0 new\server\node_modules\express\lib\router\route.js:149:13)
    at Route.dispatch (Z:\project 2.0 new\server\node_modules\express\lib\router\route.js:119:3)
    at Layer.handle [as handle_request] (Z:\project 2.0 new\server\node_modules\express\lib\router\layer.js:95:5)
    at Z:\project 2.0 new\server\node_modules\express\lib\router\index.js:284:15
    at router.process_params (Z:\project 2.0 new\server\node_modules\express\lib\router\index.js:346:12)
    at next (Z:\project 2.0 new\server\node_modules\express\lib\router\index.js:280:10)
    at router.handle (Z:\project 2.0 new\server\node_modules\express\lib\router\index.js:175:3)
    at router (Z:\project 2.0 new\server\node_modules\express\lib\router\index.js:47:12)
2026-08-10T04:11:52.737Z AggregateError: 
    at file:///Z:/project%202.0%20new/server/src/routes/publicRoutes.js:168:35
    at Layer.handle [as handle_request] (Z:\project 2.0 new\server\node_modules\express\lib\router\layer.js:95:5)
    at next (Z:\project 2.0 new\server\node_modules\express\lib\router\route.js:149:13)
    at Route.dispatch (Z:\project 2.0 new\server\node_modules\express\lib\router\route.js:119:3)
    at Layer.handle [as handle_request] (Z:\project 2.0 new\server\node_modules\express\lib\router\layer.js:95:5)
    at Z:\project 2.0 new\server\node_modules\express\lib\router\index.js:284:15
    at router.process_params (Z:\project 2.0 new\server\node_modules\express\lib\router\index.js:346:12)
    at next (Z:\project 2.0 new\server\node_modules\express\lib\router\index.js:280:10)
    at router.handle (Z:\project 2.0 new\server\node_modules\express\lib\router\index.js:175:3)
    at router (Z:\project 2.0 new\server\node_modules\express\lib\router\index.js:47:12)
2026-08-10T04:11:52.738Z AggregateError: 
    at file:///Z:/project%202.0%20new/server/src/routes/publicRoutes.js:168:35
    at Layer.handle [as handle_request] (Z:\project 2.0 new\server\node_modules\express\lib\router\layer.js:95:5)
    at next (Z:\project 2.0 new\server\node_modules\express\lib\router\route.js:149:13)
    at Route.dispatch (Z:\project 2.0 new\server\node_modules\express\lib\router\route.js:119:3)
    at Layer.handle [as handle_request] (Z:\project 2.0 new\server\node_modules\express\lib\router\layer.js:95:5)
    at Z:\project 2.0 new\server\node_modules\express\lib\router\index.js:284:15
    at router.process_params (Z:\project 2.0 new\server\node_modules\express\lib\router\index.js:346:12)
    at next (Z:\project 2.0 new\server\node_modules\express\lib\router\index.js:280:10)
    at router.handle (Z:\project 2.0 new\server\node_modules\express\lib\router\index.js:175:3)
    at router (Z:\project 2.0 new\server\node_modules\express\lib\router\index.js:47:12)
2026-08-10T04:11:52.764Z AggregateError: 
    at file:///Z:/project%202.0%20new/server/src/routes/publicRoutes.js:168:35
    at Layer.handle [as handle_request] (Z:\project 2.0 new\server\node_modules\express\lib\router\layer.js:95:5)
    at next (Z:\project 2.0 new\server\node_modules\express\lib\router\route.js:149:13)
    at Route.dispatch (Z:\project 2.0 new\server\node_modules\express\lib\router\route.js:119:3)
    at Layer.handle [as handle_request] (Z:\project 2.0 new\server\node_modules\express\lib\router\layer.js:95:5)
    at Z:\project 2.0 new\server\node_modules\express\lib\router\index.js:284:15
    at router.process_params (Z:\project 2.0 new\server\node_modules\express\lib\router\index.js:346:12)
    at next (Z:\project 2.0 new\server\node_modules\express\lib\router\index.js:280:10)
    at router.handle (Z:\project 2.0 new\server\node_modules\express\lib\router\index.js:175:3)
    at router (Z:\project 2.0 new\server\node_modules\express\lib\router\index.js:47:12)
2026-08-10T04:11:52.807Z AggregateError: 
    at file:///Z:/project%202.0%20new/server/src/routes/publicRoutes.js:168:35
    at Layer.handle [as handle_request] (Z:\project 2.0 new\server\node_modules\express\lib\router\layer.js:95:5)
    at next (Z:\project 2.0 new\server\node_modules\express\lib\router\route.js:149:13)
    at Route.dispatch (Z:\project 2.0 new\server\node_modules\express\lib\router\route.js:119:3)
    at Layer.handle [as handle_request] (Z:\project 2.0 new\server\node_modules\express\lib\router\layer.js:95:5)
    at Z:\project 2.0 new\server\node_modules\express\lib\router\index.js:284:15
    at router.process_params (Z:\project 2.0 new\server\node_modules\express\lib\router\index.js:346:12)
    at next (Z:\project 2.0 new\server\node_modules\express\lib\router\index.js:280:10)
    at router.handle (Z:\project 2.0 new\server\node_modules\express\lib\router\index.js:175:3)
    at router (Z:\project 2.0 new\server\node_modules\express\lib\router\index.js:47:12)
2026-08-10T04:11:52.840Z AggregateError: 
    at file:///Z:/project%202.0%20new/server/src/routes/publicRoutes.js:168:35
    at Layer.handle [as handle_request] (Z:\project 2.0 new\server\node_modules\express\lib\router\layer.js:95:5)
    at next (Z:\project 2.0 new\server\node_modules\express\lib\router\route.js:149:13)
    at Route.dispatch (Z:\project 2.0 new\server\node_modules\express\lib\router\route.js:119:3)
    at Layer.handle [as handle_request] (Z:\project 2.0 new\server\node_modules\express\lib\router\layer.js:95:5)
    at Z:\project 2.0 new\server\node_modules\express\lib\router\index.js:284:15
    at router.process_params (Z:\project 2.0 new\server\node_modules\express\lib\router\index.js:346:12)
    at next (Z:\project 2.0 new\server\node_modules\express\lib\router\index.js:280:10)
    at router.handle (Z:\project 2.0 new\server\node_modules\express\lib\router\index.js:175:3)
    at router (Z:\project 2.0 new\server\node_modules\express\lib\router\index.js:47:12)
2026-08-10T05:36:55.897Z Error: FUNCTION user1.JSON_ARRAYAGG does not exist
    at getCustomerOrders (file:///Z:/project%202.0%20new/server/src/controllers/orderController.js:141:33)
    at Layer.handle [as handle_request] (Z:\project 2.0 new\server\node_modules\express\lib\router\layer.js:95:5)
    at next (Z:\project 2.0 new\server\node_modules\express\lib\router\route.js:149:13)
    at protect (file:///Z:/project%202.0%20new/server/src/middlewares/authMiddleware.js:37:7)
    at process.processTicksAndRejections (node:internal/process/task_queues:104:5)
2026-08-10T05:37:01.024Z Error: FUNCTION user1.JSON_ARRAYAGG does not exist
    at getCustomerOrders (file:///Z:/project%202.0%20new/server/src/controllers/orderController.js:141:33)
    at Layer.handle [as handle_request] (Z:\project 2.0 new\server\node_modules\express\lib\router\layer.js:95:5)
    at next (Z:\project 2.0 new\server\node_modules\express\lib\router\route.js:149:13)
    at protect (file:///Z:/project%202.0%20new/server/src/middlewares/authMiddleware.js:37:7)
    at process.processTicksAndRejections (node:internal/process/task_queues:104:5)
2026-08-10T05:37:01.033Z Error: FUNCTION user1.JSON_ARRAYAGG does not exist
    at getCustomerOrders (file:///Z:/project%202.0%20new/server/src/controllers/orderController.js:141:33)
    at Layer.handle [as handle_request] (Z:\project 2.0 new\server\node_modules\express\lib\router\layer.js:95:5)
    at next (Z:\project 2.0 new\server\node_modules\express\lib\router\route.js:149:13)
    at protect (file:///Z:/project%202.0%20new/server/src/middlewares/authMiddleware.js:37:7)
    at process.processTicksAndRejections (node:internal/process/task_queues:104:5)
2026-08-10T05:37:03.685Z Error: FUNCTION user1.JSON_ARRAYAGG does not exist
    at getCustomerOrders (file:///Z:/project%202.0%20new/server/src/controllers/orderController.js:141:33)
    at Layer.handle [as handle_request] (Z:\project 2.0 new\server\node_modules\express\lib\router\layer.js:95:5)
    at next (Z:\project 2.0 new\server\node_modules\express\lib\router\route.js:149:13)
    at protect (file:///Z:/project%202.0%20new/server/src/middlewares/authMiddleware.js:37:7)
    at process.processTicksAndRejections (node:internal/process/task_queues:104:5)
2026-08-10T05:37:05.030Z Error: FUNCTION user1.JSON_ARRAYAGG does not exist
    at getCustomerOrders (file:///Z:/project%202.0%20new/server/src/controllers/orderController.js:141:33)
    at Layer.handle [as handle_request] (Z:\project 2.0 new\server\node_modules\express\lib\router\layer.js:95:5)
    at next (Z:\project 2.0 new\server\node_modules\express\lib\router\route.js:149:13)
    at protect (file:///Z:/project%202.0%20new/server/src/middlewares/authMiddleware.js:37:7)
    at process.processTicksAndRejections (node:internal/process/task_queues:104:5)
2026-08-10T05:37:09.204Z Error: FUNCTION user1.JSON_ARRAYAGG does not exist
    at getCustomerOrders (file:///Z:/project%202.0%20new/server/src/controllers/orderController.js:141:33)
    at Layer.handle [as handle_request] (Z:\project 2.0 new\server\node_modules\express\lib\router\layer.js:95:5)
    at next (Z:\project 2.0 new\server\node_modules\express\lib\router\route.js:149:13)
    at protect (file:///Z:/project%202.0%20new/server/src/middlewares/authMiddleware.js:37:7)
    at process.processTicksAndRejections (node:internal/process/task_queues:104:5)
2026-08-10T05:37:12.517Z Error: FUNCTION user1.JSON_ARRAYAGG does not exist
    at getCustomerOrders (file:///Z:/project%202.0%20new/server/src/controllers/orderController.js:141:33)
    at Layer.handle [as handle_request] (Z:\project 2.0 new\server\node_modules\express\lib\router\layer.js:95:5)
    at next (Z:\project 2.0 new\server\node_modules\express\lib\router\route.js:149:13)
    at protect (file:///Z:/project%202.0%20new/server/src/middlewares/authMiddleware.js:37:7)
    at process.processTicksAndRejections (node:internal/process/task_queues:104:5)
2026-08-10T05:41:49.468Z Error: Cannot delete or update a parent row: a foreign key constraint fails (`user1`.`orders`, CONSTRAINT `orders_ibfk_2` FOREIGN KEY (`shipping_address_id`) REFERENCES `addresses` (`id`))
    at deleteUser (file:///Z:/project%202.0%20new/server/src/controllers/adminController.js:520:33)
    at process.processTicksAndRejections (node:internal/process/task_queues:104:5)
2026-08-10T05:41:54.539Z Error: Cannot delete or update a parent row: a foreign key constraint fails (`user1`.`orders`, CONSTRAINT `orders_ibfk_2` FOREIGN KEY (`shipping_address_id`) REFERENCES `addresses` (`id`))
    at deleteUser (file:///Z:/project%202.0%20new/server/src/controllers/adminController.js:520:33)
    at process.processTicksAndRejections (node:internal/process/task_queues:104:5)
2026-08-10T08:02:45.258Z Error: Table 'user1.vendors' doesn't exist
    at getUsers (file:///Z:/project%202.0%20new/server/src/controllers/adminController.js:496:32)
    at Layer.handle [as handle_request] (Z:\project 2.0 new\server\node_modules\express\lib\router\layer.js:95:5)
    at next (Z:\project 2.0 new\server\node_modules\express\lib\router\route.js:149:13)
    at file:///Z:/project%202.0%20new/server/src/middlewares/authMiddleware.js:60:14
    at Layer.handle [as handle_request] (Z:\project 2.0 new\server\node_modules\express\lib\router\layer.js:95:5)
    at next (Z:\project 2.0 new\server\node_modules\express\lib\router\route.js:149:13)
    at Route.dispatch (Z:\project 2.0 new\server\node_modules\express\lib\router\route.js:119:3)
    at Layer.handle [as handle_request] (Z:\project 2.0 new\server\node_modules\express\lib\router\layer.js:95:5)
    at Z:\project 2.0 new\server\node_modules\express\lib\router\index.js:284:15
    at router.process_params (Z:\project 2.0 new\server\node_modules\express\lib\router\index.js:346:12)
2026-08-10T08:02:45.265Z Error: Table 'user1.vendors' doesn't exist
    at getUsers (file:///Z:/project%202.0%20new/server/src/controllers/adminController.js:496:32)
    at Layer.handle [as handle_request] (Z:\project 2.0 new\server\node_modules\express\lib\router\layer.js:95:5)
    at next (Z:\project 2.0 new\server\node_modules\express\lib\router\route.js:149:13)
    at file:///Z:/project%202.0%20new/server/src/middlewares/authMiddleware.js:60:14
    at Layer.handle [as handle_request] (Z:\project 2.0 new\server\node_modules\express\lib\router\layer.js:95:5)
    at next (Z:\project 2.0 new\server\node_modules\express\lib\router\route.js:149:13)
    at Route.dispatch (Z:\project 2.0 new\server\node_modules\express\lib\router\route.js:119:3)
    at Layer.handle [as handle_request] (Z:\project 2.0 new\server\node_modules\express\lib\router\layer.js:95:5)
    at Z:\project 2.0 new\server\node_modules\express\lib\router\index.js:284:15
    at router.process_params (Z:\project 2.0 new\server\node_modules\express\lib\router\index.js:346:12)
2026-08-10T08:03:16.473Z Error: Table 'user1.vendors' doesn't exist
    at getUsers (file:///Z:/project%202.0%20new/server/src/controllers/adminController.js:496:32)
    at Layer.handle [as handle_request] (Z:\project 2.0 new\server\node_modules\express\lib\router\layer.js:95:5)
    at next (Z:\project 2.0 new\server\node_modules\express\lib\router\route.js:149:13)
    at file:///Z:/project%202.0%20new/server/src/middlewares/authMiddleware.js:60:14
    at Layer.handle [as handle_request] (Z:\project 2.0 new\server\node_modules\express\lib\router\layer.js:95:5)
    at next (Z:\project 2.0 new\server\node_modules\express\lib\router\route.js:149:13)
    at Route.dispatch (Z:\project 2.0 new\server\node_modules\express\lib\router\route.js:119:3)
    at Layer.handle [as handle_request] (Z:\project 2.0 new\server\node_modules\express\lib\router\layer.js:95:5)
    at Z:\project 2.0 new\server\node_modules\express\lib\router\index.js:284:15
    at router.process_params (Z:\project 2.0 new\server\node_modules\express\lib\router\index.js:346:12)
2026-08-10T08:03:16.485Z Error: Table 'user1.vendors' doesn't exist
    at getUsers (file:///Z:/project%202.0%20new/server/src/controllers/adminController.js:496:32)
    at Layer.handle [as handle_request] (Z:\project 2.0 new\server\node_modules\express\lib\router\layer.js:95:5)
    at next (Z:\project 2.0 new\server\node_modules\express\lib\router\route.js:149:13)
    at file:///Z:/project%202.0%20new/server/src/middlewares/authMiddleware.js:60:14
    at Layer.handle [as handle_request] (Z:\project 2.0 new\server\node_modules\express\lib\router\layer.js:95:5)
    at next (Z:\project 2.0 new\server\node_modules\express\lib\router\route.js:149:13)
    at Route.dispatch (Z:\project 2.0 new\server\node_modules\express\lib\router\route.js:119:3)
    at Layer.handle [as handle_request] (Z:\project 2.0 new\server\node_modules\express\lib\router\layer.js:95:5)
    at Z:\project 2.0 new\server\node_modules\express\lib\router\index.js:284:15
    at router.process_params (Z:\project 2.0 new\server\node_modules\express\lib\router\index.js:346:12)
2026-08-10T08:04:32.844Z Error: FUNCTION user1.JSON_ARRAYAGG does not exist
    at getUsers (file:///Z:/project%202.0%20new/server/src/controllers/adminController.js:496:32)
    at Layer.handle [as handle_request] (Z:\project 2.0 new\server\node_modules\express\lib\router\layer.js:95:5)
    at next (Z:\project 2.0 new\server\node_modules\express\lib\router\route.js:149:13)
    at file:///Z:/project%202.0%20new/server/src/middlewares/authMiddleware.js:60:14
    at Layer.handle [as handle_request] (Z:\project 2.0 new\server\node_modules\express\lib\router\layer.js:95:5)
    at next (Z:\project 2.0 new\server\node_modules\express\lib\router\route.js:149:13)
    at Route.dispatch (Z:\project 2.0 new\server\node_modules\express\lib\router\route.js:119:3)
    at Layer.handle [as handle_request] (Z:\project 2.0 new\server\node_modules\express\lib\router\layer.js:95:5)
    at Z:\project 2.0 new\server\node_modules\express\lib\router\index.js:284:15
    at router.process_params (Z:\project 2.0 new\server\node_modules\express\lib\router\index.js:346:12)
2026-08-10T08:04:32.851Z Error: FUNCTION user1.JSON_ARRAYAGG does not exist
    at getUsers (file:///Z:/project%202.0%20new/server/src/controllers/adminController.js:496:32)
    at Layer.handle [as handle_request] (Z:\project 2.0 new\server\node_modules\express\lib\router\layer.js:95:5)
    at next (Z:\project 2.0 new\server\node_modules\express\lib\router\route.js:149:13)
    at file:///Z:/project%202.0%20new/server/src/middlewares/authMiddleware.js:60:14
    at Layer.handle [as handle_request] (Z:\project 2.0 new\server\node_modules\express\lib\router\layer.js:95:5)
    at next (Z:\project 2.0 new\server\node_modules\express\lib\router\route.js:149:13)
    at Route.dispatch (Z:\project 2.0 new\server\node_modules\express\lib\router\route.js:119:3)
    at Layer.handle [as handle_request] (Z:\project 2.0 new\server\node_modules\express\lib\router\layer.js:95:5)
    at Z:\project 2.0 new\server\node_modules\express\lib\router\index.js:284:15
    at router.process_params (Z:\project 2.0 new\server\node_modules\express\lib\router\index.js:346:12)
2026-08-10T08:05:20.892Z Error: FUNCTION user1.JSON_ARRAYAGG does not exist
    at getUsers (file:///Z:/project%202.0%20new/server/src/controllers/adminController.js:496:32)
    at Layer.handle [as handle_request] (Z:\project 2.0 new\server\node_modules\express\lib\router\layer.js:95:5)
    at next (Z:\project 2.0 new\server\node_modules\express\lib\router\route.js:149:13)
    at file:///Z:/project%202.0%20new/server/src/middlewares/authMiddleware.js:60:14
    at Layer.handle [as handle_request] (Z:\project 2.0 new\server\node_modules\express\lib\router\layer.js:95:5)
    at next (Z:\project 2.0 new\server\node_modules\express\lib\router\route.js:149:13)
    at Route.dispatch (Z:\project 2.0 new\server\node_modules\express\lib\router\route.js:119:3)
    at Layer.handle [as handle_request] (Z:\project 2.0 new\server\node_modules\express\lib\router\layer.js:95:5)
    at Z:\project 2.0 new\server\node_modules\express\lib\router\index.js:284:15
    at router.process_params (Z:\project 2.0 new\server\node_modules\express\lib\router\index.js:346:12)
2026-08-10T08:05:20.900Z Error: FUNCTION user1.JSON_ARRAYAGG does not exist
    at getUsers (file:///Z:/project%202.0%20new/server/src/controllers/adminController.js:496:32)
    at Layer.handle [as handle_request] (Z:\project 2.0 new\server\node_modules\express\lib\router\layer.js:95:5)
    at next (Z:\project 2.0 new\server\node_modules\express\lib\router\route.js:149:13)
    at file:///Z:/project%202.0%20new/server/src/middlewares/authMiddleware.js:60:14
    at Layer.handle [as handle_request] (Z:\project 2.0 new\server\node_modules\express\lib\router\layer.js:95:5)
    at next (Z:\project 2.0 new\server\node_modules\express\lib\router\route.js:149:13)
    at Route.dispatch (Z:\project 2.0 new\server\node_modules\express\lib\router\route.js:119:3)
    at Layer.handle [as handle_request] (Z:\project 2.0 new\server\node_modules\express\lib\router\layer.js:95:5)
    at Z:\project 2.0 new\server\node_modules\express\lib\router\index.js:284:15
    at router.process_params (Z:\project 2.0 new\server\node_modules\express\lib\router\index.js:346:12)
2026-08-10T08:05:24.830Z Error: FUNCTION user1.JSON_ARRAYAGG does not exist
    at getUsers (file:///Z:/project%202.0%20new/server/src/controllers/adminController.js:496:32)
    at Layer.handle [as handle_request] (Z:\project 2.0 new\server\node_modules\express\lib\router\layer.js:95:5)
    at next (Z:\project 2.0 new\server\node_modules\express\lib\router\route.js:149:13)
    at file:///Z:/project%202.0%20new/server/src/middlewares/authMiddleware.js:60:14
    at Layer.handle [as handle_request] (Z:\project 2.0 new\server\node_modules\express\lib\router\layer.js:95:5)
    at next (Z:\project 2.0 new\server\node_modules\express\lib\router\route.js:149:13)
    at Route.dispatch (Z:\project 2.0 new\server\node_modules\express\lib\router\route.js:119:3)
    at Layer.handle [as handle_request] (Z:\project 2.0 new\server\node_modules\express\lib\router\layer.js:95:5)
    at Z:\project 2.0 new\server\node_modules\express\lib\router\index.js:284:15
    at router.process_params (Z:\project 2.0 new\server\node_modules\express\lib\router\index.js:346:12)
2026-08-10T08:05:24.838Z Error: FUNCTION user1.JSON_ARRAYAGG does not exist
    at getUsers (file:///Z:/project%202.0%20new/server/src/controllers/adminController.js:496:32)
    at Layer.handle [as handle_request] (Z:\project 2.0 new\server\node_modules\express\lib\router\layer.js:95:5)
    at next (Z:\project 2.0 new\server\node_modules\express\lib\router\route.js:149:13)
    at file:///Z:/project%202.0%20new/server/src/middlewares/authMiddleware.js:60:14
    at Layer.handle [as handle_request] (Z:\project 2.0 new\server\node_modules\express\lib\router\layer.js:95:5)
    at next (Z:\project 2.0 new\server\node_modules\express\lib\router\route.js:149:13)
    at Route.dispatch (Z:\project 2.0 new\server\node_modules\express\lib\router\route.js:119:3)
    at Layer.handle [as handle_request] (Z:\project 2.0 new\server\node_modules\express\lib\router\layer.js:95:5)
    at Z:\project 2.0 new\server\node_modules\express\lib\router\index.js:284:15
    at router.process_params (Z:\project 2.0 new\server\node_modules\express\lib\router\index.js:346:12)
2026-08-10T09:22:25.557Z Error: FUNCTION user1.JSON_ARRAYAGG does not exist
    at getModelsByProduct (file:///Z:/project%202.0%20new/server/src/controllers/vendorController.js:604:33)
    at Layer.handle [as handle_request] (Z:\project 2.0 new\server\node_modules\express\lib\router\layer.js:95:5)
    at next (Z:\project 2.0 new\server\node_modules\express\lib\router\route.js:149:13)
    at Route.dispatch (Z:\project 2.0 new\server\node_modules\express\lib\router\route.js:119:3)
    at Layer.handle [as handle_request] (Z:\project 2.0 new\server\node_modules\express\lib\router\layer.js:95:5)
    at Z:\project 2.0 new\server\node_modules\express\lib\router\index.js:284:15
    at param (Z:\project 2.0 new\server\node_modules\express\lib\router\index.js:365:14)
    at param (Z:\project 2.0 new\server\node_modules\express\lib\router\index.js:376:14)
    at router.process_params (Z:\project 2.0 new\server\node_modules\express\lib\router\index.js:421:3)
    at next (Z:\project 2.0 new\server\node_modules\express\lib\router\index.js:280:10)
2026-08-10T09:22:26.807Z Error: FUNCTION user1.JSON_ARRAYAGG does not exist
    at getModelsByProduct (file:///Z:/project%202.0%20new/server/src/controllers/vendorController.js:604:33)
    at Layer.handle [as handle_request] (Z:\project 2.0 new\server\node_modules\express\lib\router\layer.js:95:5)
    at next (Z:\project 2.0 new\server\node_modules\express\lib\router\route.js:149:13)
    at Route.dispatch (Z:\project 2.0 new\server\node_modules\express\lib\router\route.js:119:3)
    at Layer.handle [as handle_request] (Z:\project 2.0 new\server\node_modules\express\lib\router\layer.js:95:5)
    at Z:\project 2.0 new\server\node_modules\express\lib\router\index.js:284:15
    at param (Z:\project 2.0 new\server\node_modules\express\lib\router\index.js:365:14)
    at param (Z:\project 2.0 new\server\node_modules\express\lib\router\index.js:376:14)
    at router.process_params (Z:\project 2.0 new\server\node_modules\express\lib\router\index.js:421:3)
    at next (Z:\project 2.0 new\server\node_modules\express\lib\router\index.js:280:10)
2026-08-10T09:22:40.242Z Error: FUNCTION user1.JSON_ARRAYAGG does not exist
    at getModelsByProduct (file:///Z:/project%202.0%20new/server/src/controllers/vendorController.js:604:33)
    at Layer.handle [as handle_request] (Z:\project 2.0 new\server\node_modules\express\lib\router\layer.js:95:5)
    at next (Z:\project 2.0 new\server\node_modules\express\lib\router\route.js:149:13)
    at Route.dispatch (Z:\project 2.0 new\server\node_modules\express\lib\router\route.js:119:3)
    at Layer.handle [as handle_request] (Z:\project 2.0 new\server\node_modules\express\lib\router\layer.js:95:5)
    at Z:\project 2.0 new\server\node_modules\express\lib\router\index.js:284:15
    at param (Z:\project 2.0 new\server\node_modules\express\lib\router\index.js:365:14)
    at param (Z:\project 2.0 new\server\node_modules\express\lib\router\index.js:376:14)
    at router.process_params (Z:\project 2.0 new\server\node_modules\express\lib\router\index.js:421:3)
    at next (Z:\project 2.0 new\server\node_modules\express\lib\router\index.js:280:10)
2026-08-10T09:22:41.774Z Error: FUNCTION user1.JSON_ARRAYAGG does not exist
    at getModelsByProduct (file:///Z:/project%202.0%20new/server/src/controllers/vendorController.js:604:33)
    at Layer.handle [as handle_request] (Z:\project 2.0 new\server\node_modules\express\lib\router\layer.js:95:5)
    at next (Z:\project 2.0 new\server\node_modules\express\lib\router\route.js:149:13)
    at Route.dispatch (Z:\project 2.0 new\server\node_modules\express\lib\router\route.js:119:3)
    at Layer.handle [as handle_request] (Z:\project 2.0 new\server\node_modules\express\lib\router\layer.js:95:5)
    at Z:\project 2.0 new\server\node_modules\express\lib\router\index.js:284:15
    at param (Z:\project 2.0 new\server\node_modules\express\lib\router\index.js:365:14)
    at param (Z:\project 2.0 new\server\node_modules\express\lib\router\index.js:376:14)
    at router.process_params (Z:\project 2.0 new\server\node_modules\express\lib\router\index.js:421:3)
    at next (Z:\project 2.0 new\server\node_modules\express\lib\router\index.js:280:10)
2026-08-10T09:22:57.730Z Error: FUNCTION user1.JSON_ARRAYAGG does not exist
    at getModelsByProduct (file:///Z:/project%202.0%20new/server/src/controllers/vendorController.js:604:33)
    at Layer.handle [as handle_request] (Z:\project 2.0 new\server\node_modules\express\lib\router\layer.js:95:5)
    at next (Z:\project 2.0 new\server\node_modules\express\lib\router\route.js:149:13)
    at Route.dispatch (Z:\project 2.0 new\server\node_modules\express\lib\router\route.js:119:3)
    at Layer.handle [as handle_request] (Z:\project 2.0 new\server\node_modules\express\lib\router\layer.js:95:5)
    at Z:\project 2.0 new\server\node_modules\express\lib\router\index.js:284:15
    at param (Z:\project 2.0 new\server\node_modules\express\lib\router\index.js:365:14)
    at param (Z:\project 2.0 new\server\node_modules\express\lib\router\index.js:376:14)
    at router.process_params (Z:\project 2.0 new\server\node_modules\express\lib\router\index.js:421:3)
    at next (Z:\project 2.0 new\server\node_modules\express\lib\router\index.js:280:10)
2026-08-10T09:22:59.190Z Error: FUNCTION user1.JSON_ARRAYAGG does not exist
    at getModelsByProduct (file:///Z:/project%202.0%20new/server/src/controllers/vendorController.js:604:33)
    at Layer.handle [as handle_request] (Z:\project 2.0 new\server\node_modules\express\lib\router\layer.js:95:5)
    at next (Z:\project 2.0 new\server\node_modules\express\lib\router\route.js:149:13)
    at Route.dispatch (Z:\project 2.0 new\server\node_modules\express\lib\router\route.js:119:3)
    at Layer.handle [as handle_request] (Z:\project 2.0 new\server\node_modules\express\lib\router\layer.js:95:5)
    at Z:\project 2.0 new\server\node_modules\express\lib\router\index.js:284:15
    at param (Z:\project 2.0 new\server\node_modules\express\lib\router\index.js:365:14)
    at param (Z:\project 2.0 new\server\node_modules\express\lib\router\index.js:376:14)
    at router.process_params (Z:\project 2.0 new\server\node_modules\express\lib\router\index.js:421:3)
    at next (Z:\project 2.0 new\server\node_modules\express\lib\router\index.js:280:10)
2026-08-10T09:22:59.750Z Error: FUNCTION user1.JSON_ARRAYAGG does not exist
    at getModelsByProduct (file:///Z:/project%202.0%20new/server/src/controllers/vendorController.js:604:33)
    at Layer.handle [as handle_request] (Z:\project 2.0 new\server\node_modules\express\lib\router\layer.js:95:5)
    at next (Z:\project 2.0 new\server\node_modules\express\lib\router\route.js:149:13)
    at Route.dispatch (Z:\project 2.0 new\server\node_modules\express\lib\router\route.js:119:3)
    at Layer.handle [as handle_request] (Z:\project 2.0 new\server\node_modules\express\lib\router\layer.js:95:5)
    at Z:\project 2.0 new\server\node_modules\express\lib\router\index.js:284:15
    at param (Z:\project 2.0 new\server\node_modules\express\lib\router\index.js:365:14)
    at param (Z:\project 2.0 new\server\node_modules\express\lib\router\index.js:376:14)
    at router.process_params (Z:\project 2.0 new\server\node_modules\express\lib\router\index.js:421:3)
    at next (Z:\project 2.0 new\server\node_modules\express\lib\router\index.js:280:10)
2026-08-10T09:23:01.185Z Error: FUNCTION user1.JSON_ARRAYAGG does not exist
    at getModelsByProduct (file:///Z:/project%202.0%20new/server/src/controllers/vendorController.js:604:33)
    at Layer.handle [as handle_request] (Z:\project 2.0 new\server\node_modules\express\lib\router\layer.js:95:5)
    at next (Z:\project 2.0 new\server\node_modules\express\lib\router\route.js:149:13)
    at Route.dispatch (Z:\project 2.0 new\server\node_modules\express\lib\router\route.js:119:3)
    at Layer.handle [as handle_request] (Z:\project 2.0 new\server\node_modules\express\lib\router\layer.js:95:5)
    at Z:\project 2.0 new\server\node_modules\express\lib\router\index.js:284:15
    at param (Z:\project 2.0 new\server\node_modules\express\lib\router\index.js:365:14)
    at param (Z:\project 2.0 new\server\node_modules\express\lib\router\index.js:376:14)
    at router.process_params (Z:\project 2.0 new\server\node_modules\express\lib\router\index.js:421:3)
    at next (Z:\project 2.0 new\server\node_modules\express\lib\router\index.js:280:10)
2026-08-10T09:23:06.779Z Error: FUNCTION user1.JSON_ARRAYAGG does not exist
    at getModelsByProduct (file:///Z:/project%202.0%20new/server/src/controllers/vendorController.js:604:33)
    at Layer.handle [as handle_request] (Z:\project 2.0 new\server\node_modules\express\lib\router\layer.js:95:5)
    at next (Z:\project 2.0 new\server\node_modules\express\lib\router\route.js:149:13)
    at Route.dispatch (Z:\project 2.0 new\server\node_modules\express\lib\router\route.js:119:3)
    at Layer.handle [as handle_request] (Z:\project 2.0 new\server\node_modules\express\lib\router\layer.js:95:5)
    at Z:\project 2.0 new\server\node_modules\express\lib\router\index.js:284:15
    at param (Z:\project 2.0 new\server\node_modules\express\lib\router\index.js:365:14)
    at param (Z:\project 2.0 new\server\node_modules\express\lib\router\index.js:376:14)
    at router.process_params (Z:\project 2.0 new\server\node_modules\express\lib\router\index.js:421:3)
    at next (Z:\project 2.0 new\server\node_modules\express\lib\router\index.js:280:10)
2026-08-10T09:23:08.327Z Error: FUNCTION user1.JSON_ARRAYAGG does not exist
    at getModelsByProduct (file:///Z:/project%202.0%20new/server/src/controllers/vendorController.js:604:33)
    at Layer.handle [as handle_request] (Z:\project 2.0 new\server\node_modules\express\lib\router\layer.js:95:5)
    at next (Z:\project 2.0 new\server\node_modules\express\lib\router\route.js:149:13)
    at Route.dispatch (Z:\project 2.0 new\server\node_modules\express\lib\router\route.js:119:3)
    at Layer.handle [as handle_request] (Z:\project 2.0 new\server\node_modules\express\lib\router\layer.js:95:5)
    at Z:\project 2.0 new\server\node_modules\express\lib\router\index.js:284:15
    at param (Z:\project 2.0 new\server\node_modules\express\lib\router\index.js:365:14)
    at param (Z:\project 2.0 new\server\node_modules\express\lib\router\index.js:376:14)
    at router.process_params (Z:\project 2.0 new\server\node_modules\express\lib\router\index.js:421:3)
    at next (Z:\project 2.0 new\server\node_modules\express\lib\router\index.js:280:10)
2026-08-10T09:23:10.774Z Error: FUNCTION user1.JSON_ARRAYAGG does not exist
    at getModelsByProduct (file:///Z:/project%202.0%20new/server/src/controllers/vendorController.js:604:33)
    at Layer.handle [as handle_request] (Z:\project 2.0 new\server\node_modules\express\lib\router\layer.js:95:5)
    at next (Z:\project 2.0 new\server\node_modules\express\lib\router\route.js:149:13)
    at Route.dispatch (Z:\project 2.0 new\server\node_modules\express\lib\router\route.js:119:3)
    at Layer.handle [as handle_request] (Z:\project 2.0 new\server\node_modules\express\lib\router\layer.js:95:5)
    at Z:\project 2.0 new\server\node_modules\express\lib\router\index.js:284:15
    at param (Z:\project 2.0 new\server\node_modules\express\lib\router\index.js:365:14)
    at param (Z:\project 2.0 new\server\node_modules\express\lib\router\index.js:376:14)
    at router.process_params (Z:\project 2.0 new\server\node_modules\express\lib\router\index.js:421:3)
    at next (Z:\project 2.0 new\server\node_modules\express\lib\router\index.js:280:10)
2026-08-10T09:23:26.699Z Error: FUNCTION user1.JSON_ARRAYAGG does not exist
    at getModelsByProduct (file:///Z:/project%202.0%20new/server/src/controllers/vendorController.js:604:33)
    at Layer.handle [as handle_request] (Z:\project 2.0 new\server\node_modules\express\lib\router\layer.js:95:5)
    at next (Z:\project 2.0 new\server\node_modules\express\lib\router\route.js:149:13)
    at Route.dispatch (Z:\project 2.0 new\server\node_modules\express\lib\router\route.js:119:3)
    at Layer.handle [as handle_request] (Z:\project 2.0 new\server\node_modules\express\lib\router\layer.js:95:5)
    at Z:\project 2.0 new\server\node_modules\express\lib\router\index.js:284:15
    at param (Z:\project 2.0 new\server\node_modules\express\lib\router\index.js:365:14)
    at param (Z:\project 2.0 new\server\node_modules\express\lib\router\index.js:376:14)
    at router.process_params (Z:\project 2.0 new\server\node_modules\express\lib\router\index.js:421:3)
    at next (Z:\project 2.0 new\server\node_modules\express\lib\router\index.js:280:10)
2026-08-10T09:24:28.324Z Error: FUNCTION user1.JSON_ARRAYAGG does not exist
    at getModelsByProduct (file:///Z:/project%202.0%20new/server/src/controllers/vendorController.js:604:33)
    at Layer.handle [as handle_request] (Z:\project 2.0 new\server\node_modules\express\lib\router\layer.js:95:5)
    at next (Z:\project 2.0 new\server\node_modules\express\lib\router\route.js:149:13)
    at Route.dispatch (Z:\project 2.0 new\server\node_modules\express\lib\router\route.js:119:3)
    at Layer.handle [as handle_request] (Z:\project 2.0 new\server\node_modules\express\lib\router\layer.js:95:5)
    at Z:\project 2.0 new\server\node_modules\express\lib\router\index.js:284:15
    at param (Z:\project 2.0 new\server\node_modules\express\lib\router\index.js:365:14)
    at param (Z:\project 2.0 new\server\node_modules\express\lib\router\index.js:376:14)
    at router.process_params (Z:\project 2.0 new\server\node_modules\express\lib\router\index.js:421:3)
    at next (Z:\project 2.0 new\server\node_modules\express\lib\router\index.js:280:10)
2026-08-10T09:24:29.824Z Error: FUNCTION user1.JSON_ARRAYAGG does not exist
    at getModelsByProduct (file:///Z:/project%202.0%20new/server/src/controllers/vendorController.js:604:33)
    at Layer.handle [as handle_request] (Z:\project 2.0 new\server\node_modules\express\lib\router\layer.js:95:5)
    at next (Z:\project 2.0 new\server\node_modules\express\lib\router\route.js:149:13)
    at Route.dispatch (Z:\project 2.0 new\server\node_modules\express\lib\router\route.js:119:3)
    at Layer.handle [as handle_request] (Z:\project 2.0 new\server\node_modules\express\lib\router\layer.js:95:5)
    at Z:\project 2.0 new\server\node_modules\express\lib\router\index.js:284:15
    at param (Z:\project 2.0 new\server\node_modules\express\lib\router\index.js:365:14)
    at param (Z:\project 2.0 new\server\node_modules\express\lib\router\index.js:376:14)
    at router.process_params (Z:\project 2.0 new\server\node_modules\express\lib\router\index.js:421:3)
    at next (Z:\project 2.0 new\server\node_modules\express\lib\router\index.js:280:10)
2026-08-10T09:24:31.384Z Error: FUNCTION user1.JSON_ARRAYAGG does not exist
    at getModelsByProduct (file:///Z:/project%202.0%20new/server/src/controllers/vendorController.js:604:33)
    at Layer.handle [as handle_request] (Z:\project 2.0 new\server\node_modules\express\lib\router\layer.js:95:5)
    at next (Z:\project 2.0 new\server\node_modules\express\lib\router\route.js:149:13)
    at Route.dispatch (Z:\project 2.0 new\server\node_modules\express\lib\router\route.js:119:3)
    at Layer.handle [as handle_request] (Z:\project 2.0 new\server\node_modules\express\lib\router\layer.js:95:5)
    at Z:\project 2.0 new\server\node_modules\express\lib\router\index.js:284:15
    at param (Z:\project 2.0 new\server\node_modules\express\lib\router\index.js:365:14)
    at param (Z:\project 2.0 new\server\node_modules\express\lib\router\index.js:376:14)
    at router.process_params (Z:\project 2.0 new\server\node_modules\express\lib\router\index.js:421:3)
    at next (Z:\project 2.0 new\server\node_modules\express\lib\router\index.js:280:10)
2026-08-10T09:27:25.110Z Error: FUNCTION user1.JSON_ARRAYAGG does not exist
    at getModelsByProduct (file:///Z:/project%202.0%20new/server/src/controllers/vendorController.js:604:33)
    at Layer.handle [as handle_request] (Z:\project 2.0 new\server\node_modules\express\lib\router\layer.js:95:5)
    at next (Z:\project 2.0 new\server\node_modules\express\lib\router\route.js:149:13)
    at Route.dispatch (Z:\project 2.0 new\server\node_modules\express\lib\router\route.js:119:3)
    at Layer.handle [as handle_request] (Z:\project 2.0 new\server\node_modules\express\lib\router\layer.js:95:5)
    at Z:\project 2.0 new\server\node_modules\express\lib\router\index.js:284:15
    at param (Z:\project 2.0 new\server\node_modules\express\lib\router\index.js:365:14)
    at param (Z:\project 2.0 new\server\node_modules\express\lib\router\index.js:376:14)
    at router.process_params (Z:\project 2.0 new\server\node_modules\express\lib\router\index.js:421:3)
    at next (Z:\project 2.0 new\server\node_modules\express\lib\router\index.js:280:10)
2026-08-10T09:27:25.985Z Error: FUNCTION user1.JSON_ARRAYAGG does not exist
    at getModelsByProduct (file:///Z:/project%202.0%20new/server/src/controllers/vendorController.js:604:33)
    at Layer.handle [as handle_request] (Z:\project 2.0 new\server\node_modules\express\lib\router\layer.js:95:5)
    at next (Z:\project 2.0 new\server\node_modules\express\lib\router\route.js:149:13)
    at Route.dispatch (Z:\project 2.0 new\server\node_modules\express\lib\router\route.js:119:3)
    at Layer.handle [as handle_request] (Z:\project 2.0 new\server\node_modules\express\lib\router\layer.js:95:5)
    at Z:\project 2.0 new\server\node_modules\express\lib\router\index.js:284:15
    at param (Z:\project 2.0 new\server\node_modules\express\lib\router\index.js:365:14)
    at param (Z:\project 2.0 new\server\node_modules\express\lib\router\index.js:376:14)
    at router.process_params (Z:\project 2.0 new\server\node_modules\express\lib\router\index.js:421:3)
    at next (Z:\project 2.0 new\server\node_modules\express\lib\router\index.js:280:10)
2026-08-10T09:27:26.327Z Error: FUNCTION user1.JSON_ARRAYAGG does not exist
    at getModelsByProduct (file:///Z:/project%202.0%20new/server/src/controllers/vendorController.js:604:33)
    at Layer.handle [as handle_request] (Z:\project 2.0 new\server\node_modules\express\lib\router\layer.js:95:5)
    at next (Z:\project 2.0 new\server\node_modules\express\lib\router\route.js:149:13)
    at Route.dispatch (Z:\project 2.0 new\server\node_modules\express\lib\router\route.js:119:3)
    at Layer.handle [as handle_request] (Z:\project 2.0 new\server\node_modules\express\lib\router\layer.js:95:5)
    at Z:\project 2.0 new\server\node_modules\express\lib\router\index.js:284:15
    at param (Z:\project 2.0 new\server\node_modules\express\lib\router\index.js:365:14)
    at param (Z:\project 2.0 new\server\node_modules\express\lib\router\index.js:376:14)
    at router.process_params (Z:\project 2.0 new\server\node_modules\express\lib\router\index.js:421:3)
    at next (Z:\project 2.0 new\server\node_modules\express\lib\router\index.js:280:10)
2026-08-10T13:02:47.663Z Error: Unknown column 'p.return_window_days' in 'field list'
    at getMyPayouts (file:///Z:/project%202.0%20new/server/src/controllers/vendorController.js:1120:41)
    at Layer.handle [as handle_request] (Z:\project 2.0 new\server\node_modules\express\lib\router\layer.js:95:5)
    at next (Z:\project 2.0 new\server\node_modules\express\lib\router\route.js:149:13)
    at Route.dispatch (Z:\project 2.0 new\server\node_modules\express\lib\router\route.js:119:3)
    at Layer.handle [as handle_request] (Z:\project 2.0 new\server\node_modules\express\lib\router\layer.js:95:5)
    at Z:\project 2.0 new\server\node_modules\express\lib\router\index.js:284:15
    at router.process_params (Z:\project 2.0 new\server\node_modules\express\lib\router\index.js:346:12)
    at next (Z:\project 2.0 new\server\node_modules\express\lib\router\index.js:280:10)
    at file:///Z:/project%202.0%20new/server/src/middlewares/authMiddleware.js:60:14
    at Layer.handle [as handle_request] (Z:\project 2.0 new\server\node_modules\express\lib\router\layer.js:95:5)
2026-08-10T13:02:47.668Z Error: Unknown column 'p.return_window_days' in 'field list'
    at getMyPayouts (file:///Z:/project%202.0%20new/server/src/controllers/vendorController.js:1120:41)
    at Layer.handle [as handle_request] (Z:\project 2.0 new\server\node_modules\express\lib\router\layer.js:95:5)
    at next (Z:\project 2.0 new\server\node_modules\express\lib\router\route.js:149:13)
    at Route.dispatch (Z:\project 2.0 new\server\node_modules\express\lib\router\route.js:119:3)
    at Layer.handle [as handle_request] (Z:\project 2.0 new\server\node_modules\express\lib\router\layer.js:95:5)
    at Z:\project 2.0 new\server\node_modules\express\lib\router\index.js:284:15
    at router.process_params (Z:\project 2.0 new\server\node_modules\express\lib\router\index.js:346:12)
    at next (Z:\project 2.0 new\server\node_modules\express\lib\router\index.js:280:10)
    at file:///Z:/project%202.0%20new/server/src/middlewares/authMiddleware.js:60:14
    at Layer.handle [as handle_request] (Z:\project 2.0 new\server\node_modules\express\lib\router\layer.js:95:5)
2026-08-10T13:11:38.280Z Error: Unknown column 'u.password' in 'field list'
    at getUsers (file:///Z:/project%202.0%20new/server/src/controllers/adminController.js:500:32)
    at Layer.handle [as handle_request] (Z:\project 2.0 new\server\node_modules\express\lib\router\layer.js:95:5)
    at next (Z:\project 2.0 new\server\node_modules\express\lib\router\route.js:149:13)
    at file:///Z:/project%202.0%20new/server/src/middlewares/authMiddleware.js:60:14
    at Layer.handle [as handle_request] (Z:\project 2.0 new\server\node_modules\express\lib\router\layer.js:95:5)
    at next (Z:\project 2.0 new\server\node_modules\express\lib\router\route.js:149:13)
    at Route.dispatch (Z:\project 2.0 new\server\node_modules\express\lib\router\route.js:119:3)
    at Layer.handle [as handle_request] (Z:\project 2.0 new\server\node_modules\express\lib\router\layer.js:95:5)
    at Z:\project 2.0 new\server\node_modules\express\lib\router\index.js:284:15
    at router.process_params (Z:\project 2.0 new\server\node_modules\express\lib\router\index.js:346:12)
2026-08-10T13:11:38.288Z Error: Unknown column 'u.password' in 'field list'
    at getUsers (file:///Z:/project%202.0%20new/server/src/controllers/adminController.js:500:32)
    at Layer.handle [as handle_request] (Z:\project 2.0 new\server\node_modules\express\lib\router\layer.js:95:5)
    at next (Z:\project 2.0 new\server\node_modules\express\lib\router\route.js:149:13)
    at file:///Z:/project%202.0%20new/server/src/middlewares/authMiddleware.js:60:14
    at Layer.handle [as handle_request] (Z:\project 2.0 new\server\node_modules\express\lib\router\layer.js:95:5)
    at next (Z:\project 2.0 new\server\node_modules\express\lib\router\route.js:149:13)
    at Route.dispatch (Z:\project 2.0 new\server\node_modules\express\lib\router\route.js:119:3)
    at Layer.handle [as handle_request] (Z:\project 2.0 new\server\node_modules\express\lib\router\layer.js:95:5)
    at Z:\project 2.0 new\server\node_modules\express\lib\router\index.js:284:15
    at router.process_params (Z:\project 2.0 new\server\node_modules\express\lib\router\index.js:346:12)
2026-08-10T13:12:12.642Z Error: Unknown column 'u.password' in 'field list'
    at getUsers (file:///Z:/project%202.0%20new/server/src/controllers/adminController.js:500:32)
    at Layer.handle [as handle_request] (Z:\project 2.0 new\server\node_modules\express\lib\router\layer.js:95:5)
    at next (Z:\project 2.0 new\server\node_modules\express\lib\router\route.js:149:13)
    at file:///Z:/project%202.0%20new/server/src/middlewares/authMiddleware.js:60:14
    at Layer.handle [as handle_request] (Z:\project 2.0 new\server\node_modules\express\lib\router\layer.js:95:5)
    at next (Z:\project 2.0 new\server\node_modules\express\lib\router\route.js:149:13)
    at Route.dispatch (Z:\project 2.0 new\server\node_modules\express\lib\router\route.js:119:3)
    at Layer.handle [as handle_request] (Z:\project 2.0 new\server\node_modules\express\lib\router\layer.js:95:5)
    at Z:\project 2.0 new\server\node_modules\express\lib\router\index.js:284:15
    at router.process_params (Z:\project 2.0 new\server\node_modules\express\lib\router\index.js:346:12)
2026-08-10T13:12:12.649Z Error: Unknown column 'u.password' in 'field list'
    at getUsers (file:///Z:/project%202.0%20new/server/src/controllers/adminController.js:500:32)
    at Layer.handle [as handle_request] (Z:\project 2.0 new\server\node_modules\express\lib\router\layer.js:95:5)
    at next (Z:\project 2.0 new\server\node_modules\express\lib\router\route.js:149:13)
    at file:///Z:/project%202.0%20new/server/src/middlewares/authMiddleware.js:60:14
    at Layer.handle [as handle_request] (Z:\project 2.0 new\server\node_modules\express\lib\router\layer.js:95:5)
    at next (Z:\project 2.0 new\server\node_modules\express\lib\router\route.js:149:13)
    at Route.dispatch (Z:\project 2.0 new\server\node_modules\express\lib\router\route.js:119:3)
    at Layer.handle [as handle_request] (Z:\project 2.0 new\server\node_modules\express\lib\router\layer.js:95:5)
    at Z:\project 2.0 new\server\node_modules\express\lib\router\index.js:284:15
    at router.process_params (Z:\project 2.0 new\server\node_modules\express\lib\router\index.js:346:12)
2026-08-10T13:13:04.809Z Error: Unknown column 'u.password' in 'field list'
    at getUsers (file:///Z:/project%202.0%20new/server/src/controllers/adminController.js:500:32)
    at Layer.handle [as handle_request] (Z:\project 2.0 new\server\node_modules\express\lib\router\layer.js:95:5)
    at next (Z:\project 2.0 new\server\node_modules\express\lib\router\route.js:149:13)
    at file:///Z:/project%202.0%20new/server/src/middlewares/authMiddleware.js:60:14
    at Layer.handle [as handle_request] (Z:\project 2.0 new\server\node_modules\express\lib\router\layer.js:95:5)
    at next (Z:\project 2.0 new\server\node_modules\express\lib\router\route.js:149:13)
    at Route.dispatch (Z:\project 2.0 new\server\node_modules\express\lib\router\route.js:119:3)
    at Layer.handle [as handle_request] (Z:\project 2.0 new\server\node_modules\express\lib\router\layer.js:95:5)
    at Z:\project 2.0 new\server\node_modules\express\lib\router\index.js:284:15
    at router.process_params (Z:\project 2.0 new\server\node_modules\express\lib\router\index.js:346:12)
2026-08-10T13:13:04.820Z Error: Unknown column 'u.password' in 'field list'
    at getUsers (file:///Z:/project%202.0%20new/server/src/controllers/adminController.js:500:32)
    at Layer.handle [as handle_request] (Z:\project 2.0 new\server\node_modules\express\lib\router\layer.js:95:5)
    at next (Z:\project 2.0 new\server\node_modules\express\lib\router\route.js:149:13)
    at file:///Z:/project%202.0%20new/server/src/middlewares/authMiddleware.js:60:14
    at Layer.handle [as handle_request] (Z:\project 2.0 new\server\node_modules\express\lib\router\layer.js:95:5)
    at next (Z:\project 2.0 new\server\node_modules\express\lib\router\route.js:149:13)
    at Route.dispatch (Z:\project 2.0 new\server\node_modules\express\lib\router\route.js:119:3)
    at Layer.handle [as handle_request] (Z:\project 2.0 new\server\node_modules\express\lib\router\layer.js:95:5)
    at Z:\project 2.0 new\server\node_modules\express\lib\router\index.js:284:15
    at router.process_params (Z:\project 2.0 new\server\node_modules\express\lib\router\index.js:346:12)
2026-08-11T04:08:09.271Z AggregateError: 
    at file:///Z:/project%202.0%20new/server/src/routes/publicRoutes.js:72:35
    at Layer.handle [as handle_request] (Z:\project 2.0 new\server\node_modules\express\lib\router\layer.js:95:5)
    at next (Z:\project 2.0 new\server\node_modules\express\lib\router\route.js:149:13)
    at Route.dispatch (Z:\project 2.0 new\server\node_modules\express\lib\router\route.js:119:3)
    at Layer.handle [as handle_request] (Z:\project 2.0 new\server\node_modules\express\lib\router\layer.js:95:5)
    at Z:\project 2.0 new\server\node_modules\express\lib\router\index.js:284:15
    at router.process_params (Z:\project 2.0 new\server\node_modules\express\lib\router\index.js:346:12)
    at next (Z:\project 2.0 new\server\node_modules\express\lib\router\index.js:280:10)
    at router.handle (Z:\project 2.0 new\server\node_modules\express\lib\router\index.js:175:3)
    at router (Z:\project 2.0 new\server\node_modules\express\lib\router\index.js:47:12)
2026-08-11T04:08:09.277Z AggregateError: 
    at file:///Z:/project%202.0%20new/server/src/routes/publicRoutes.js:261:30
    at Layer.handle [as handle_request] (Z:\project 2.0 new\server\node_modules\express\lib\router\layer.js:95:5)
    at next (Z:\project 2.0 new\server\node_modules\express\lib\router\route.js:149:13)
    at Route.dispatch (Z:\project 2.0 new\server\node_modules\express\lib\router\route.js:119:3)
    at Layer.handle [as handle_request] (Z:\project 2.0 new\server\node_modules\express\lib\router\layer.js:95:5)
    at Z:\project 2.0 new\server\node_modules\express\lib\router\index.js:284:15
    at router.process_params (Z:\project 2.0 new\server\node_modules\express\lib\router\index.js:346:12)
    at next (Z:\project 2.0 new\server\node_modules\express\lib\router\index.js:280:10)
    at router.handle (Z:\project 2.0 new\server\node_modules\express\lib\router\index.js:175:3)
    at router (Z:\project 2.0 new\server\node_modules\express\lib\router\index.js:47:12)
2026-08-11T04:08:09.279Z AggregateError: 
    at file:///Z:/project%202.0%20new/server/src/routes/publicRoutes.js:276:37
    at Layer.handle [as handle_request] (Z:\project 2.0 new\server\node_modules\express\lib\router\layer.js:95:5)
    at next (Z:\project 2.0 new\server\node_modules\express\lib\router\route.js:149:13)
    at Route.dispatch (Z:\project 2.0 new\server\node_modules\express\lib\router\route.js:119:3)
    at Layer.handle [as handle_request] (Z:\project 2.0 new\server\node_modules\express\lib\router\layer.js:95:5)
    at Z:\project 2.0 new\server\node_modules\express\lib\router\index.js:284:15
    at router.process_params (Z:\project 2.0 new\server\node_modules\express\lib\router\index.js:346:12)
    at next (Z:\project 2.0 new\server\node_modules\express\lib\router\index.js:280:10)
    at router.handle (Z:\project 2.0 new\server\node_modules\express\lib\router\index.js:175:3)
    at router (Z:\project 2.0 new\server\node_modules\express\lib\router\index.js:47:12)
2026-08-11T04:08:09.281Z AggregateError: 
    at file:///Z:/project%202.0%20new/server/src/routes/publicRoutes.js:18:37
    at Layer.handle [as handle_request] (Z:\project 2.0 new\server\node_modules\express\lib\router\layer.js:95:5)
    at next (Z:\project 2.0 new\server\node_modules\express\lib\router\route.js:149:13)
    at Route.dispatch (Z:\project 2.0 new\server\node_modules\express\lib\router\route.js:119:3)
    at Layer.handle [as handle_request] (Z:\project 2.0 new\server\node_modules\express\lib\router\layer.js:95:5)
    at Z:\project 2.0 new\server\node_modules\express\lib\router\index.js:284:15
    at router.process_params (Z:\project 2.0 new\server\node_modules\express\lib\router\index.js:346:12)
    at next (Z:\project 2.0 new\server\node_modules\express\lib\router\index.js:280:10)
    at router.handle (Z:\project 2.0 new\server\node_modules\express\lib\router\index.js:175:3)
    at router (Z:\project 2.0 new\server\node_modules\express\lib\router\index.js:47:12)
2026-08-11T04:08:09.292Z AggregateError: 
    at file:///Z:/project%202.0%20new/server/src/routes/publicRoutes.js:72:35
    at Layer.handle [as handle_request] (Z:\project 2.0 new\server\node_modules\express\lib\router\layer.js:95:5)
    at next (Z:\project 2.0 new\server\node_modules\express\lib\router\route.js:149:13)
    at Route.dispatch (Z:\project 2.0 new\server\node_modules\express\lib\router\route.js:119:3)
    at Layer.handle [as handle_request] (Z:\project 2.0 new\server\node_modules\express\lib\router\layer.js:95:5)
    at Z:\project 2.0 new\server\node_modules\express\lib\router\index.js:284:15
    at router.process_params (Z:\project 2.0 new\server\node_modules\express\lib\router\index.js:346:12)
    at next (Z:\project 2.0 new\server\node_modules\express\lib\router\index.js:280:10)
    at router.handle (Z:\project 2.0 new\server\node_modules\express\lib\router\index.js:175:3)
    at router (Z:\project 2.0 new\server\node_modules\express\lib\router\index.js:47:12)
2026-08-11T04:08:09.294Z AggregateError: 
    at file:///Z:/project%202.0%20new/server/src/routes/publicRoutes.js:261:30
    at Layer.handle [as handle_request] (Z:\project 2.0 new\server\node_modules\express\lib\router\layer.js:95:5)
    at next (Z:\project 2.0 new\server\node_modules\express\lib\router\route.js:149:13)
    at Route.dispatch (Z:\project 2.0 new\server\node_modules\express\lib\router\route.js:119:3)
    at Layer.handle [as handle_request] (Z:\project 2.0 new\server\node_modules\express\lib\router\layer.js:95:5)
    at Z:\project 2.0 new\server\node_modules\express\lib\router\index.js:284:15
    at router.process_params (Z:\project 2.0 new\server\node_modules\express\lib\router\index.js:346:12)
    at next (Z:\project 2.0 new\server\node_modules\express\lib\router\index.js:280:10)
    at router.handle (Z:\project 2.0 new\server\node_modules\express\lib\router\index.js:175:3)
    at router (Z:\project 2.0 new\server\node_modules\express\lib\router\index.js:47:12)
2026-08-11T04:08:09.297Z AggregateError: 
    at file:///Z:/project%202.0%20new/server/src/routes/publicRoutes.js:276:37
    at Layer.handle [as handle_request] (Z:\project 2.0 new\server\node_modules\express\lib\router\layer.js:95:5)
    at next (Z:\project 2.0 new\server\node_modules\express\lib\router\route.js:149:13)
    at Route.dispatch (Z:\project 2.0 new\server\node_modules\express\lib\router\route.js:119:3)
    at Layer.handle [as handle_request] (Z:\project 2.0 new\server\node_modules\express\lib\router\layer.js:95:5)
    at Z:\project 2.0 new\server\node_modules\express\lib\router\index.js:284:15
    at router.process_params (Z:\project 2.0 new\server\node_modules\express\lib\router\index.js:346:12)
    at next (Z:\project 2.0 new\server\node_modules\express\lib\router\index.js:280:10)
    at router.handle (Z:\project 2.0 new\server\node_modules\express\lib\router\index.js:175:3)
    at router (Z:\project 2.0 new\server\node_modules\express\lib\router\index.js:47:12)
2026-08-11T04:08:09.299Z AggregateError: 
    at file:///Z:/project%202.0%20new/server/src/routes/publicRoutes.js:18:37
    at Layer.handle [as handle_request] (Z:\project 2.0 new\server\node_modules\express\lib\router\layer.js:95:5)
    at next (Z:\project 2.0 new\server\node_modules\express\lib\router\route.js:149:13)
    at Route.dispatch (Z:\project 2.0 new\server\node_modules\express\lib\router\route.js:119:3)
    at Layer.handle [as handle_request] (Z:\project 2.0 new\server\node_modules\express\lib\router\layer.js:95:5)
    at Z:\project 2.0 new\server\node_modules\express\lib\router\index.js:284:15
    at router.process_params (Z:\project 2.0 new\server\node_modules\express\lib\router\index.js:346:12)
    at next (Z:\project 2.0 new\server\node_modules\express\lib\router\index.js:280:10)
    at router.handle (Z:\project 2.0 new\server\node_modules\express\lib\router\index.js:175:3)
    at router (Z:\project 2.0 new\server\node_modules\express\lib\router\index.js:47:12)
2026-08-11T04:08:09.306Z AggregateError: 
    at file:///Z:/project%202.0%20new/server/src/routes/publicRoutes.js:18:37
    at Layer.handle [as handle_request] (Z:\project 2.0 new\server\node_modules\express\lib\router\layer.js:95:5)
    at next (Z:\project 2.0 new\server\node_modules\express\lib\router\route.js:149:13)
    at Route.dispatch (Z:\project 2.0 new\server\node_modules\express\lib\router\route.js:119:3)
    at Layer.handle [as handle_request] (Z:\project 2.0 new\server\node_modules\express\lib\router\layer.js:95:5)
    at Z:\project 2.0 new\server\node_modules\express\lib\router\index.js:284:15
    at router.process_params (Z:\project 2.0 new\server\node_modules\express\lib\router\index.js:346:12)
    at next (Z:\project 2.0 new\server\node_modules\express\lib\router\index.js:280:10)
    at router.handle (Z:\project 2.0 new\server\node_modules\express\lib\router\index.js:175:3)
    at router (Z:\project 2.0 new\server\node_modules\express\lib\router\index.js:47:12)
2026-08-11T04:08:09.312Z AggregateError: 
    at file:///Z:/project%202.0%20new/server/src/routes/publicRoutes.js:18:37
    at Layer.handle [as handle_request] (Z:\project 2.0 new\server\node_modules\express\lib\router\layer.js:95:5)
    at next (Z:\project 2.0 new\server\node_modules\express\lib\router\route.js:149:13)
    at Route.dispatch (Z:\project 2.0 new\server\node_modules\express\lib\router\route.js:119:3)
    at Layer.handle [as handle_request] (Z:\project 2.0 new\server\node_modules\express\lib\router\layer.js:95:5)
    at Z:\project 2.0 new\server\node_modules\express\lib\router\index.js:284:15
    at router.process_params (Z:\project 2.0 new\server\node_modules\express\lib\router\index.js:346:12)
    at next (Z:\project 2.0 new\server\node_modules\express\lib\router\index.js:280:10)
    at router.handle (Z:\project 2.0 new\server\node_modules\express\lib\router\index.js:175:3)
    at router (Z:\project 2.0 new\server\node_modules\express\lib\router\index.js:47:12)
2026-08-11T04:08:09.330Z AggregateError: 
    at file:///Z:/project%202.0%20new/server/src/routes/publicRoutes.js:189:35
    at Layer.handle [as handle_request] (Z:\project 2.0 new\server\node_modules\express\lib\router\layer.js:95:5)
    at next (Z:\project 2.0 new\server\node_modules\express\lib\router\route.js:149:13)
    at Route.dispatch (Z:\project 2.0 new\server\node_modules\express\lib\router\route.js:119:3)
    at Layer.handle [as handle_request] (Z:\project 2.0 new\server\node_modules\express\lib\router\layer.js:95:5)
    at Z:\project 2.0 new\server\node_modules\express\lib\router\index.js:284:15
    at router.process_params (Z:\project 2.0 new\server\node_modules\express\lib\router\index.js:346:12)
    at next (Z:\project 2.0 new\server\node_modules\express\lib\router\index.js:280:10)
    at router.handle (Z:\project 2.0 new\server\node_modules\express\lib\router\index.js:175:3)
    at router (Z:\project 2.0 new\server\node_modules\express\lib\router\index.js:47:12)
2026-08-11T04:08:33.174Z AggregateError: 
    at file:///Z:/project%202.0%20new/server/src/routes/publicRoutes.js:189:35
    at Layer.handle [as handle_request] (Z:\project 2.0 new\server\node_modules\express\lib\router\layer.js:95:5)
    at next (Z:\project 2.0 new\server\node_modules\express\lib\router\route.js:149:13)
    at Route.dispatch (Z:\project 2.0 new\server\node_modules\express\lib\router\route.js:119:3)
    at Layer.handle [as handle_request] (Z:\project 2.0 new\server\node_modules\express\lib\router\layer.js:95:5)
    at Z:\project 2.0 new\server\node_modules\express\lib\router\index.js:284:15
    at router.process_params (Z:\project 2.0 new\server\node_modules\express\lib\router\index.js:346:12)
    at next (Z:\project 2.0 new\server\node_modules\express\lib\router\index.js:280:10)
    at router.handle (Z:\project 2.0 new\server\node_modules\express\lib\router\index.js:175:3)
    at router (Z:\project 2.0 new\server\node_modules\express\lib\router\index.js:47:12)
2026-08-11T04:08:33.197Z AggregateError: 
    at file:///Z:/project%202.0%20new/server/src/routes/publicRoutes.js:189:35
    at Layer.handle [as handle_request] (Z:\project 2.0 new\server\node_modules\express\lib\router\layer.js:95:5)
    at next (Z:\project 2.0 new\server\node_modules\express\lib\router\route.js:149:13)
    at Route.dispatch (Z:\project 2.0 new\server\node_modules\express\lib\router\route.js:119:3)
    at Layer.handle [as handle_request] (Z:\project 2.0 new\server\node_modules\express\lib\router\layer.js:95:5)
    at Z:\project 2.0 new\server\node_modules\express\lib\router\index.js:284:15
    at router.process_params (Z:\project 2.0 new\server\node_modules\express\lib\router\index.js:346:12)
    at next (Z:\project 2.0 new\server\node_modules\express\lib\router\index.js:280:10)
    at router.handle (Z:\project 2.0 new\server\node_modules\express\lib\router\index.js:175:3)
    at router (Z:\project 2.0 new\server\node_modules\express\lib\router\index.js:47:12)
2026-08-11T04:08:33.229Z AggregateError: 
    at file:///Z:/project%202.0%20new/server/src/routes/publicRoutes.js:189:35
    at Layer.handle [as handle_request] (Z:\project 2.0 new\server\node_modules\express\lib\router\layer.js:95:5)
    at next (Z:\project 2.0 new\server\node_modules\express\lib\router\route.js:149:13)
    at Route.dispatch (Z:\project 2.0 new\server\node_modules\express\lib\router\route.js:119:3)
    at Layer.handle [as handle_request] (Z:\project 2.0 new\server\node_modules\express\lib\router\layer.js:95:5)
    at Z:\project 2.0 new\server\node_modules\express\lib\router\index.js:284:15
    at router.process_params (Z:\project 2.0 new\server\node_modules\express\lib\router\index.js:346:12)
    at next (Z:\project 2.0 new\server\node_modules\express\lib\router\index.js:280:10)
    at router.handle (Z:\project 2.0 new\server\node_modules\express\lib\router\index.js:175:3)
    at router (Z:\project 2.0 new\server\node_modules\express\lib\router\index.js:47:12)
2026-08-11T04:08:33.246Z AggregateError: 
    at file:///Z:/project%202.0%20new/server/src/routes/publicRoutes.js:189:35
    at Layer.handle [as handle_request] (Z:\project 2.0 new\server\node_modules\express\lib\router\layer.js:95:5)
    at next (Z:\project 2.0 new\server\node_modules\express\lib\router\route.js:149:13)
    at Route.dispatch (Z:\project 2.0 new\server\node_modules\express\lib\router\route.js:119:3)
    at Layer.handle [as handle_request] (Z:\project 2.0 new\server\node_modules\express\lib\router\layer.js:95:5)
    at Z:\project 2.0 new\server\node_modules\express\lib\router\index.js:284:15
    at router.process_params (Z:\project 2.0 new\server\node_modules\express\lib\router\index.js:346:12)
    at next (Z:\project 2.0 new\server\node_modules\express\lib\router\index.js:280:10)
    at router.handle (Z:\project 2.0 new\server\node_modules\express\lib\router\index.js:175:3)
    at router (Z:\project 2.0 new\server\node_modules\express\lib\router\index.js:47:12)
2026-08-11T04:08:33.263Z AggregateError: 
    at file:///Z:/project%202.0%20new/server/src/routes/publicRoutes.js:189:35
    at Layer.handle [as handle_request] (Z:\project 2.0 new\server\node_modules\express\lib\router\layer.js:95:5)
    at next (Z:\project 2.0 new\server\node_modules\express\lib\router\route.js:149:13)
    at Route.dispatch (Z:\project 2.0 new\server\node_modules\express\lib\router\route.js:119:3)
    at Layer.handle [as handle_request] (Z:\project 2.0 new\server\node_modules\express\lib\router\layer.js:95:5)
    at Z:\project 2.0 new\server\node_modules\express\lib\router\index.js:284:15
    at router.process_params (Z:\project 2.0 new\server\node_modules\express\lib\router\index.js:346:12)
    at next (Z:\project 2.0 new\server\node_modules\express\lib\router\index.js:280:10)
    at router.handle (Z:\project 2.0 new\server\node_modules\express\lib\router\index.js:175:3)
    at router (Z:\project 2.0 new\server\node_modules\express\lib\router\index.js:47:12)
2026-08-11T04:08:33.279Z AggregateError: 
    at file:///Z:/project%202.0%20new/server/src/routes/publicRoutes.js:189:35
    at Layer.handle [as handle_request] (Z:\project 2.0 new\server\node_modules\express\lib\router\layer.js:95:5)
    at next (Z:\project 2.0 new\server\node_modules\express\lib\router\route.js:149:13)
    at Route.dispatch (Z:\project 2.0 new\server\node_modules\express\lib\router\route.js:119:3)
    at Layer.handle [as handle_request] (Z:\project 2.0 new\server\node_modules\express\lib\router\layer.js:95:5)
    at Z:\project 2.0 new\server\node_modules\express\lib\router\index.js:284:15
    at router.process_params (Z:\project 2.0 new\server\node_modules\express\lib\router\index.js:346:12)
    at next (Z:\project 2.0 new\server\node_modules\express\lib\router\index.js:280:10)
    at router.handle (Z:\project 2.0 new\server\node_modules\express\lib\router\index.js:175:3)
    at router (Z:\project 2.0 new\server\node_modules\express\lib\router\index.js:47:12)
2026-08-11T04:08:33.295Z AggregateError: 
    at file:///Z:/project%202.0%20new/server/src/routes/publicRoutes.js:189:35
    at Layer.handle [as handle_request] (Z:\project 2.0 new\server\node_modules\express\lib\router\layer.js:95:5)
    at next (Z:\project 2.0 new\server\node_modules\express\lib\router\route.js:149:13)
    at Route.dispatch (Z:\project 2.0 new\server\node_modules\express\lib\router\route.js:119:3)
    at Layer.handle [as handle_request] (Z:\project 2.0 new\server\node_modules\express\lib\router\layer.js:95:5)
    at Z:\project 2.0 new\server\node_modules\express\lib\router\index.js:284:15
    at router.process_params (Z:\project 2.0 new\server\node_modules\express\lib\router\index.js:346:12)
    at next (Z:\project 2.0 new\server\node_modules\express\lib\router\index.js:280:10)
    at router.handle (Z:\project 2.0 new\server\node_modules\express\lib\router\index.js:175:3)
    at router (Z:\project 2.0 new\server\node_modules\express\lib\router\index.js:47:12)
2026-08-11T04:08:33.311Z AggregateError: 
    at file:///Z:/project%202.0%20new/server/src/routes/publicRoutes.js:189:35
    at Layer.handle [as handle_request] (Z:\project 2.0 new\server\node_modules\express\lib\router\layer.js:95:5)
    at next (Z:\project 2.0 new\server\node_modules\express\lib\router\route.js:149:13)
    at Route.dispatch (Z:\project 2.0 new\server\node_modules\express\lib\router\route.js:119:3)
    at Layer.handle [as handle_request] (Z:\project 2.0 new\server\node_modules\express\lib\router\layer.js:95:5)
    at Z:\project 2.0 new\server\node_modules\express\lib\router\index.js:284:15
    at router.process_params (Z:\project 2.0 new\server\node_modules\express\lib\router\index.js:346:12)
    at next (Z:\project 2.0 new\server\node_modules\express\lib\router\index.js:280:10)
    at router.handle (Z:\project 2.0 new\server\node_modules\express\lib\router\index.js:175:3)
    at router (Z:\project 2.0 new\server\node_modules\express\lib\router\index.js:47:12)
2026-08-11T04:08:33.328Z AggregateError: 
    at file:///Z:/project%202.0%20new/server/src/routes/publicRoutes.js:189:35
    at Layer.handle [as handle_request] (Z:\project 2.0 new\server\node_modules\express\lib\router\layer.js:95:5)
    at next (Z:\project 2.0 new\server\node_modules\express\lib\router\route.js:149:13)
    at Route.dispatch (Z:\project 2.0 new\server\node_modules\express\lib\router\route.js:119:3)
    at Layer.handle [as handle_request] (Z:\project 2.0 new\server\node_modules\express\lib\router\layer.js:95:5)
    at Z:\project 2.0 new\server\node_modules\express\lib\router\index.js:284:15
    at router.process_params (Z:\project 2.0 new\server\node_modules\express\lib\router\index.js:346:12)
    at next (Z:\project 2.0 new\server\node_modules\express\lib\router\index.js:280:10)
    at router.handle (Z:\project 2.0 new\server\node_modules\express\lib\router\index.js:175:3)
    at router (Z:\project 2.0 new\server\node_modules\express\lib\router\index.js:47:12)
2026-08-11T04:08:33.343Z AggregateError: 
    at file:///Z:/project%202.0%20new/server/src/routes/publicRoutes.js:189:35
    at Layer.handle [as handle_request] (Z:\project 2.0 new\server\node_modules\express\lib\router\layer.js:95:5)
    at next (Z:\project 2.0 new\server\node_modules\express\lib\router\route.js:149:13)
    at Route.dispatch (Z:\project 2.0 new\server\node_modules\express\lib\router\route.js:119:3)
    at Layer.handle [as handle_request] (Z:\project 2.0 new\server\node_modules\express\lib\router\layer.js:95:5)
    at Z:\project 2.0 new\server\node_modules\express\lib\router\index.js:284:15
    at router.process_params (Z:\project 2.0 new\server\node_modules\express\lib\router\index.js:346:12)
    at next (Z:\project 2.0 new\server\node_modules\express\lib\router\index.js:280:10)
    at router.handle (Z:\project 2.0 new\server\node_modules\express\lib\router\index.js:175:3)
    at router (Z:\project 2.0 new\server\node_modules\express\lib\router\index.js:47:12)
2026-08-11T04:08:33.786Z AggregateError: 
    at file:///Z:/project%202.0%20new/server/src/routes/publicRoutes.js:189:35
    at Layer.handle [as handle_request] (Z:\project 2.0 new\server\node_modules\express\lib\router\layer.js:95:5)
    at next (Z:\project 2.0 new\server\node_modules\express\lib\router\route.js:149:13)
    at Route.dispatch (Z:\project 2.0 new\server\node_modules\express\lib\router\route.js:119:3)
    at Layer.handle [as handle_request] (Z:\project 2.0 new\server\node_modules\express\lib\router\layer.js:95:5)
    at Z:\project 2.0 new\server\node_modules\express\lib\router\index.js:284:15
    at router.process_params (Z:\project 2.0 new\server\node_modules\express\lib\router\index.js:346:12)
    at next (Z:\project 2.0 new\server\node_modules\express\lib\router\index.js:280:10)
    at router.handle (Z:\project 2.0 new\server\node_modules\express\lib\router\index.js:175:3)
    at router (Z:\project 2.0 new\server\node_modules\express\lib\router\index.js:47:12)
2026-08-11T04:08:33.788Z AggregateError: 
    at file:///Z:/project%202.0%20new/server/src/routes/publicRoutes.js:189:35
    at Layer.handle [as handle_request] (Z:\project 2.0 new\server\node_modules\express\lib\router\layer.js:95:5)
    at next (Z:\project 2.0 new\server\node_modules\express\lib\router\route.js:149:13)
    at Route.dispatch (Z:\project 2.0 new\server\node_modules\express\lib\router\route.js:119:3)
    at Layer.handle [as handle_request] (Z:\project 2.0 new\server\node_modules\express\lib\router\layer.js:95:5)
    at Z:\project 2.0 new\server\node_modules\express\lib\router\index.js:284:15
    at router.process_params (Z:\project 2.0 new\server\node_modules\express\lib\router\index.js:346:12)
    at next (Z:\project 2.0 new\server\node_modules\express\lib\router\index.js:280:10)
    at router.handle (Z:\project 2.0 new\server\node_modules\express\lib\router\index.js:175:3)
    at router (Z:\project 2.0 new\server\node_modules\express\lib\router\index.js:47:12)
2026-08-11T04:08:33.812Z AggregateError: 
    at file:///Z:/project%202.0%20new/server/src/routes/publicRoutes.js:189:35
    at Layer.handle [as handle_request] (Z:\project 2.0 new\server\node_modules\express\lib\router\layer.js:95:5)
    at next (Z:\project 2.0 new\server\node_modules\express\lib\router\route.js:149:13)
    at Route.dispatch (Z:\project 2.0 new\server\node_modules\express\lib\router\route.js:119:3)
    at Layer.handle [as handle_request] (Z:\project 2.0 new\server\node_modules\express\lib\router\layer.js:95:5)
    at Z:\project 2.0 new\server\node_modules\express\lib\router\index.js:284:15
    at router.process_params (Z:\project 2.0 new\server\node_modules\express\lib\router\index.js:346:12)
    at next (Z:\project 2.0 new\server\node_modules\express\lib\router\index.js:280:10)
    at router.handle (Z:\project 2.0 new\server\node_modules\express\lib\router\index.js:175:3)
    at router (Z:\project 2.0 new\server\node_modules\express\lib\router\index.js:47:12)
2026-08-11T04:08:33.844Z AggregateError: 
    at file:///Z:/project%202.0%20new/server/src/routes/publicRoutes.js:189:35
    at Layer.handle [as handle_request] (Z:\project 2.0 new\server\node_modules\express\lib\router\layer.js:95:5)
    at next (Z:\project 2.0 new\server\node_modules\express\lib\router\route.js:149:13)
    at Route.dispatch (Z:\project 2.0 new\server\node_modules\express\lib\router\route.js:119:3)
    at Layer.handle [as handle_request] (Z:\project 2.0 new\server\node_modules\express\lib\router\layer.js:95:5)
    at Z:\project 2.0 new\server\node_modules\express\lib\router\index.js:284:15
    at router.process_params (Z:\project 2.0 new\server\node_modules\express\lib\router\index.js:346:12)
    at next (Z:\project 2.0 new\server\node_modules\express\lib\router\index.js:280:10)
    at router.handle (Z:\project 2.0 new\server\node_modules\express\lib\router\index.js:175:3)
    at router (Z:\project 2.0 new\server\node_modules\express\lib\router\index.js:47:12)
2026-08-11T04:09:18.552Z AggregateError: 
    at file:///Z:/project%202.0%20new/server/src/routes/publicRoutes.js:72:35
    at Layer.handle [as handle_request] (Z:\project 2.0 new\server\node_modules\express\lib\router\layer.js:95:5)
    at next (Z:\project 2.0 new\server\node_modules\express\lib\router\route.js:149:13)
    at Route.dispatch (Z:\project 2.0 new\server\node_modules\express\lib\router\route.js:119:3)
    at Layer.handle [as handle_request] (Z:\project 2.0 new\server\node_modules\express\lib\router\layer.js:95:5)
    at Z:\project 2.0 new\server\node_modules\express\lib\router\index.js:284:15
    at router.process_params (Z:\project 2.0 new\server\node_modules\express\lib\router\index.js:346:12)
    at next (Z:\project 2.0 new\server\node_modules\express\lib\router\index.js:280:10)
    at router.handle (Z:\project 2.0 new\server\node_modules\express\lib\router\index.js:175:3)
    at router (Z:\project 2.0 new\server\node_modules\express\lib\router\index.js:47:12)
2026-08-11T04:09:18.556Z AggregateError: 
    at file:///Z:/project%202.0%20new/server/src/routes/publicRoutes.js:261:30
    at Layer.handle [as handle_request] (Z:\project 2.0 new\server\node_modules\express\lib\router\layer.js:95:5)
    at next (Z:\project 2.0 new\server\node_modules\express\lib\router\route.js:149:13)
    at Route.dispatch (Z:\project 2.0 new\server\node_modules\express\lib\router\route.js:119:3)
    at Layer.handle [as handle_request] (Z:\project 2.0 new\server\node_modules\express\lib\router\layer.js:95:5)
    at Z:\project 2.0 new\server\node_modules\express\lib\router\index.js:284:15
    at router.process_params (Z:\project 2.0 new\server\node_modules\express\lib\router\index.js:346:12)
    at next (Z:\project 2.0 new\server\node_modules\express\lib\router\index.js:280:10)
    at router.handle (Z:\project 2.0 new\server\node_modules\express\lib\router\index.js:175:3)
    at router (Z:\project 2.0 new\server\node_modules\express\lib\router\index.js:47:12)
2026-08-11T04:09:18.559Z AggregateError: 
    at file:///Z:/project%202.0%20new/server/src/routes/publicRoutes.js:276:37
    at Layer.handle [as handle_request] (Z:\project 2.0 new\server\node_modules\express\lib\router\layer.js:95:5)
    at next (Z:\project 2.0 new\server\node_modules\express\lib\router\route.js:149:13)
    at Route.dispatch (Z:\project 2.0 new\server\node_modules\express\lib\router\route.js:119:3)
    at Layer.handle [as handle_request] (Z:\project 2.0 new\server\node_modules\express\lib\router\layer.js:95:5)
    at Z:\project 2.0 new\server\node_modules\express\lib\router\index.js:284:15
    at router.process_params (Z:\project 2.0 new\server\node_modules\express\lib\router\index.js:346:12)
    at next (Z:\project 2.0 new\server\node_modules\express\lib\router\index.js:280:10)
    at router.handle (Z:\project 2.0 new\server\node_modules\express\lib\router\index.js:175:3)
    at router (Z:\project 2.0 new\server\node_modules\express\lib\router\index.js:47:12)
2026-08-11T04:09:18.565Z AggregateError: 
    at file:///Z:/project%202.0%20new/server/src/routes/publicRoutes.js:18:37
    at Layer.handle [as handle_request] (Z:\project 2.0 new\server\node_modules\express\lib\router\layer.js:95:5)
    at next (Z:\project 2.0 new\server\node_modules\express\lib\router\route.js:149:13)
    at Route.dispatch (Z:\project 2.0 new\server\node_modules\express\lib\router\route.js:119:3)
    at Layer.handle [as handle_request] (Z:\project 2.0 new\server\node_modules\express\lib\router\layer.js:95:5)
    at Z:\project 2.0 new\server\node_modules\express\lib\router\index.js:284:15
    at router.process_params (Z:\project 2.0 new\server\node_modules\express\lib\router\index.js:346:12)
    at next (Z:\project 2.0 new\server\node_modules\express\lib\router\index.js:280:10)
    at router.handle (Z:\project 2.0 new\server\node_modules\express\lib\router\index.js:175:3)
    at router (Z:\project 2.0 new\server\node_modules\express\lib\router\index.js:47:12)
2026-08-11T04:09:18.571Z AggregateError: 
    at file:///Z:/project%202.0%20new/server/src/routes/publicRoutes.js:72:35
    at Layer.handle [as handle_request] (Z:\project 2.0 new\server\node_modules\express\lib\router\layer.js:95:5)
    at next (Z:\project 2.0 new\server\node_modules\express\lib\router\route.js:149:13)
    at Route.dispatch (Z:\project 2.0 new\server\node_modules\express\lib\router\route.js:119:3)
    at Layer.handle [as handle_request] (Z:\project 2.0 new\server\node_modules\express\lib\router\layer.js:95:5)
    at Z:\project 2.0 new\server\node_modules\express\lib\router\index.js:284:15
    at router.process_params (Z:\project 2.0 new\server\node_modules\express\lib\router\index.js:346:12)
    at next (Z:\project 2.0 new\server\node_modules\express\lib\router\index.js:280:10)
    at router.handle (Z:\project 2.0 new\server\node_modules\express\lib\router\index.js:175:3)
    at router (Z:\project 2.0 new\server\node_modules\express\lib\router\index.js:47:12)
2026-08-11T04:09:18.574Z AggregateError: 
    at file:///Z:/project%202.0%20new/server/src/routes/publicRoutes.js:261:30
    at Layer.handle [as handle_request] (Z:\project 2.0 new\server\node_modules\express\lib\router\layer.js:95:5)
    at next (Z:\project 2.0 new\server\node_modules\express\lib\router\route.js:149:13)
    at Route.dispatch (Z:\project 2.0 new\server\node_modules\express\lib\router\route.js:119:3)
    at Layer.handle [as handle_request] (Z:\project 2.0 new\server\node_modules\express\lib\router\layer.js:95:5)
    at Z:\project 2.0 new\server\node_modules\express\lib\router\index.js:284:15
    at router.process_params (Z:\project 2.0 new\server\node_modules\express\lib\router\index.js:346:12)
    at next (Z:\project 2.0 new\server\node_modules\express\lib\router\index.js:280:10)
    at router.handle (Z:\project 2.0 new\server\node_modules\express\lib\router\index.js:175:3)
    at router (Z:\project 2.0 new\server\node_modules\express\lib\router\index.js:47:12)
2026-08-11T04:09:18.579Z AggregateError: 
    at file:///Z:/project%202.0%20new/server/src/routes/publicRoutes.js:276:37
    at Layer.handle [as handle_request] (Z:\project 2.0 new\server\node_modules\express\lib\router\layer.js:95:5)
    at next (Z:\project 2.0 new\server\node_modules\express\lib\router\route.js:149:13)
    at Route.dispatch (Z:\project 2.0 new\server\node_modules\express\lib\router\route.js:119:3)
    at Layer.handle [as handle_request] (Z:\project 2.0 new\server\node_modules\express\lib\router\layer.js:95:5)
    at Z:\project 2.0 new\server\node_modules\express\lib\router\index.js:284:15
    at router.process_params (Z:\project 2.0 new\server\node_modules\express\lib\router\index.js:346:12)
    at next (Z:\project 2.0 new\server\node_modules\express\lib\router\index.js:280:10)
    at router.handle (Z:\project 2.0 new\server\node_modules\express\lib\router\index.js:175:3)
    at router (Z:\project 2.0 new\server\node_modules\express\lib\router\index.js:47:12)
2026-08-11T04:09:18.582Z AggregateError: 
    at file:///Z:/project%202.0%20new/server/src/routes/publicRoutes.js:18:37
    at Layer.handle [as handle_request] (Z:\project 2.0 new\server\node_modules\express\lib\router\layer.js:95:5)
    at next (Z:\project 2.0 new\server\node_modules\express\lib\router\route.js:149:13)
    at Route.dispatch (Z:\project 2.0 new\server\node_modules\express\lib\router\route.js:119:3)
    at Layer.handle [as handle_request] (Z:\project 2.0 new\server\node_modules\express\lib\router\layer.js:95:5)
    at Z:\project 2.0 new\server\node_modules\express\lib\router\index.js:284:15
    at router.process_params (Z:\project 2.0 new\server\node_modules\express\lib\router\index.js:346:12)
    at next (Z:\project 2.0 new\server\node_modules\express\lib\router\index.js:280:10)
    at router.handle (Z:\project 2.0 new\server\node_modules\express\lib\router\index.js:175:3)
    at router (Z:\project 2.0 new\server\node_modules\express\lib\router\index.js:47:12)
2026-08-11T04:09:18.599Z AggregateError: 
    at file:///Z:/project%202.0%20new/server/src/routes/publicRoutes.js:18:37
    at Layer.handle [as handle_request] (Z:\project 2.0 new\server\node_modules\express\lib\router\layer.js:95:5)
    at next (Z:\project 2.0 new\server\node_modules\express\lib\router\route.js:149:13)
    at Route.dispatch (Z:\project 2.0 new\server\node_modules\express\lib\router\route.js:119:3)
    at Layer.handle [as handle_request] (Z:\project 2.0 new\server\node_modules\express\lib\router\layer.js:95:5)
    at Z:\project 2.0 new\server\node_modules\express\lib\router\index.js:284:15
    at router.process_params (Z:\project 2.0 new\server\node_modules\express\lib\router\index.js:346:12)
    at next (Z:\project 2.0 new\server\node_modules\express\lib\router\index.js:280:10)
    at router.handle (Z:\project 2.0 new\server\node_modules\express\lib\router\index.js:175:3)
    at router (Z:\project 2.0 new\server\node_modules\express\lib\router\index.js:47:12)
2026-08-11T04:09:18.607Z AggregateError: 
    at file:///Z:/project%202.0%20new/server/src/routes/publicRoutes.js:189:35
    at Layer.handle [as handle_request] (Z:\project 2.0 new\server\node_modules\express\lib\router\layer.js:95:5)
    at next (Z:\project 2.0 new\server\node_modules\express\lib\router\route.js:149:13)
    at Route.dispatch (Z:\project 2.0 new\server\node_modules\express\lib\router\route.js:119:3)
    at Layer.handle [as handle_request] (Z:\project 2.0 new\server\node_modules\express\lib\router\layer.js:95:5)
    at Z:\project 2.0 new\server\node_modules\express\lib\router\index.js:284:15
    at router.process_params (Z:\project 2.0 new\server\node_modules\express\lib\router\index.js:346:12)
    at next (Z:\project 2.0 new\server\node_modules\express\lib\router\index.js:280:10)
    at router.handle (Z:\project 2.0 new\server\node_modules\express\lib\router\index.js:175:3)
    at router (Z:\project 2.0 new\server\node_modules\express\lib\router\index.js:47:12)
2026-08-11T04:09:18.609Z AggregateError: 
    at file:///Z:/project%202.0%20new/server/src/routes/publicRoutes.js:18:37
    at Layer.handle [as handle_request] (Z:\project 2.0 new\server\node_modules\express\lib\router\layer.js:95:5)
    at next (Z:\project 2.0 new\server\node_modules\express\lib\router\route.js:149:13)
    at Route.dispatch (Z:\project 2.0 new\server\node_modules\express\lib\router\route.js:119:3)
    at Layer.handle [as handle_request] (Z:\project 2.0 new\server\node_modules\express\lib\router\layer.js:95:5)
    at Z:\project 2.0 new\server\node_modules\express\lib\router\index.js:284:15
    at router.process_params (Z:\project 2.0 new\server\node_modules\express\lib\router\index.js:346:12)
    at next (Z:\project 2.0 new\server\node_modules\express\lib\router\index.js:280:10)
    at router.handle (Z:\project 2.0 new\server\node_modules\express\lib\router\index.js:175:3)
    at router (Z:\project 2.0 new\server\node_modules\express\lib\router\index.js:47:12)
2026-08-11T10:46:51.918Z Error: Unknown column 'o.shipping_street' in 'field list'
    at getVendorReturns (file:///Z:/project%202.0%20new/server/src/controllers/returnController.js:188:34)
    at Layer.handle [as handle_request] (Z:\project 2.0 new\server\node_modules\express\lib\router\layer.js:95:5)
    at next (Z:\project 2.0 new\server\node_modules\express\lib\router\route.js:149:13)
    at file:///Z:/project%202.0%20new/server/src/middlewares/authMiddleware.js:60:14
    at Layer.handle [as handle_request] (Z:\project 2.0 new\server\node_modules\express\lib\router\layer.js:95:5)
    at next (Z:\project 2.0 new\server\node_modules\express\lib\router\route.js:149:13)
    at protect (file:///Z:/project%202.0%20new/server/src/middlewares/authMiddleware.js:37:7)
    at process.processTicksAndRejections (node:internal/process/task_queues:104:5)
2026-08-11T10:46:51.924Z Error: Unknown column 'o.shipping_street' in 'field list'
    at getVendorReturns (file:///Z:/project%202.0%20new/server/src/controllers/returnController.js:188:34)
    at Layer.handle [as handle_request] (Z:\project 2.0 new\server\node_modules\express\lib\router\layer.js:95:5)
    at next (Z:\project 2.0 new\server\node_modules\express\lib\router\route.js:149:13)
    at file:///Z:/project%202.0%20new/server/src/middlewares/authMiddleware.js:60:14
    at Layer.handle [as handle_request] (Z:\project 2.0 new\server\node_modules\express\lib\router\layer.js:95:5)
    at next (Z:\project 2.0 new\server\node_modules\express\lib\router\route.js:149:13)
    at protect (file:///Z:/project%202.0%20new/server/src/middlewares/authMiddleware.js:37:7)
    at process.processTicksAndRejections (node:internal/process/task_queues:104:5)
2026-08-11T10:46:54.066Z Error: Unknown column 'o.shipping_street' in 'field list'
    at getVendorReturns (file:///Z:/project%202.0%20new/server/src/controllers/returnController.js:188:34)
    at Layer.handle [as handle_request] (Z:\project 2.0 new\server\node_modules\express\lib\router\layer.js:95:5)
    at next (Z:\project 2.0 new\server\node_modules\express\lib\router\route.js:149:13)
    at file:///Z:/project%202.0%20new/server/src/middlewares/authMiddleware.js:60:14
    at Layer.handle [as handle_request] (Z:\project 2.0 new\server\node_modules\express\lib\router\layer.js:95:5)
    at next (Z:\project 2.0 new\server\node_modules\express\lib\router\route.js:149:13)
    at protect (file:///Z:/project%202.0%20new/server/src/middlewares/authMiddleware.js:37:7)
    at process.processTicksAndRejections (node:internal/process/task_queues:104:5)
2026-08-11T10:46:54.071Z Error: Unknown column 'o.shipping_street' in 'field list'
    at getVendorReturns (file:///Z:/project%202.0%20new/server/src/controllers/returnController.js:188:34)
    at Layer.handle [as handle_request] (Z:\project 2.0 new\server\node_modules\express\lib\router\layer.js:95:5)
    at next (Z:\project 2.0 new\server\node_modules\express\lib\router\route.js:149:13)
    at file:///Z:/project%202.0%20new/server/src/middlewares/authMiddleware.js:60:14
    at Layer.handle [as handle_request] (Z:\project 2.0 new\server\node_modules\express\lib\router\layer.js:95:5)
    at next (Z:\project 2.0 new\server\node_modules\express\lib\router\route.js:149:13)
    at protect (file:///Z:/project%202.0%20new/server/src/middlewares/authMiddleware.js:37:7)
    at process.processTicksAndRejections (node:internal/process/task_queues:104:5)
2026-08-11T10:46:56.275Z Error: Unknown column 'o.shipping_street' in 'field list'
    at getVendorReturns (file:///Z:/project%202.0%20new/server/src/controllers/returnController.js:188:34)
    at Layer.handle [as handle_request] (Z:\project 2.0 new\server\node_modules\express\lib\router\layer.js:95:5)
    at next (Z:\project 2.0 new\server\node_modules\express\lib\router\route.js:149:13)
    at file:///Z:/project%202.0%20new/server/src/middlewares/authMiddleware.js:60:14
    at Layer.handle [as handle_request] (Z:\project 2.0 new\server\node_modules\express\lib\router\layer.js:95:5)
    at next (Z:\project 2.0 new\server\node_modules\express\lib\router\route.js:149:13)
    at protect (file:///Z:/project%202.0%20new/server/src/middlewares/authMiddleware.js:37:7)
    at process.processTicksAndRejections (node:internal/process/task_queues:104:5)
2026-08-11T10:46:56.282Z Error: Unknown column 'o.shipping_street' in 'field list'
    at getVendorReturns (file:///Z:/project%202.0%20new/server/src/controllers/returnController.js:188:34)
    at Layer.handle [as handle_request] (Z:\project 2.0 new\server\node_modules\express\lib\router\layer.js:95:5)
    at next (Z:\project 2.0 new\server\node_modules\express\lib\router\route.js:149:13)
    at file:///Z:/project%202.0%20new/server/src/middlewares/authMiddleware.js:60:14
    at Layer.handle [as handle_request] (Z:\project 2.0 new\server\node_modules\express\lib\router\layer.js:95:5)
    at next (Z:\project 2.0 new\server\node_modules\express\lib\router\route.js:149:13)
    at protect (file:///Z:/project%202.0%20new/server/src/middlewares/authMiddleware.js:37:7)
    at process.processTicksAndRejections (node:internal/process/task_queues:104:5)
2026-08-11T10:46:58.915Z Error: Unknown column 'o.shipping_street' in 'field list'
    at getVendorReturns (file:///Z:/project%202.0%20new/server/src/controllers/returnController.js:188:34)
    at Layer.handle [as handle_request] (Z:\project 2.0 new\server\node_modules\express\lib\router\layer.js:95:5)
    at next (Z:\project 2.0 new\server\node_modules\express\lib\router\route.js:149:13)
    at file:///Z:/project%202.0%20new/server/src/middlewares/authMiddleware.js:60:14
    at Layer.handle [as handle_request] (Z:\project 2.0 new\server\node_modules\express\lib\router\layer.js:95:5)
    at next (Z:\project 2.0 new\server\node_modules\express\lib\router\route.js:149:13)
    at protect (file:///Z:/project%202.0%20new/server/src/middlewares/authMiddleware.js:37:7)
    at process.processTicksAndRejections (node:internal/process/task_queues:104:5)
2026-08-11T10:46:58.920Z Error: Unknown column 'o.shipping_street' in 'field list'
    at getVendorReturns (file:///Z:/project%202.0%20new/server/src/controllers/returnController.js:188:34)
    at Layer.handle [as handle_request] (Z:\project 2.0 new\server\node_modules\express\lib\router\layer.js:95:5)
    at next (Z:\project 2.0 new\server\node_modules\express\lib\router\route.js:149:13)
    at file:///Z:/project%202.0%20new/server/src/middlewares/authMiddleware.js:60:14
    at Layer.handle [as handle_request] (Z:\project 2.0 new\server\node_modules\express\lib\router\layer.js:95:5)
    at next (Z:\project 2.0 new\server\node_modules\express\lib\router\route.js:149:13)
    at protect (file:///Z:/project%202.0%20new/server/src/middlewares/authMiddleware.js:37:7)
    at process.processTicksAndRejections (node:internal/process/task_queues:104:5)
2026-08-11T10:47:23.559Z Error: Unknown column 'o.shipping_street' in 'field list'
    at getVendorReturns (file:///Z:/project%202.0%20new/server/src/controllers/returnController.js:188:34)
    at Layer.handle [as handle_request] (Z:\project 2.0 new\server\node_modules\express\lib\router\layer.js:95:5)
    at next (Z:\project 2.0 new\server\node_modules\express\lib\router\route.js:149:13)
    at file:///Z:/project%202.0%20new/server/src/middlewares/authMiddleware.js:60:14
    at Layer.handle [as handle_request] (Z:\project 2.0 new\server\node_modules\express\lib\router\layer.js:95:5)
    at next (Z:\project 2.0 new\server\node_modules\express\lib\router\route.js:149:13)
    at protect (file:///Z:/project%202.0%20new/server/src/middlewares/authMiddleware.js:37:7)
    at process.processTicksAndRejections (node:internal/process/task_queues:104:5)
2026-08-11T10:47:23.566Z Error: Unknown column 'o.shipping_street' in 'field list'
    at getVendorReturns (file:///Z:/project%202.0%20new/server/src/controllers/returnController.js:188:34)
    at Layer.handle [as handle_request] (Z:\project 2.0 new\server\node_modules\express\lib\router\layer.js:95:5)
    at next (Z:\project 2.0 new\server\node_modules\express\lib\router\route.js:149:13)
    at file:///Z:/project%202.0%20new/server/src/middlewares/authMiddleware.js:60:14
    at Layer.handle [as handle_request] (Z:\project 2.0 new\server\node_modules\express\lib\router\layer.js:95:5)
    at next (Z:\project 2.0 new\server\node_modules\express\lib\router\route.js:149:13)
    at protect (file:///Z:/project%202.0%20new/server/src/middlewares/authMiddleware.js:37:7)
    at process.processTicksAndRejections (node:internal/process/task_queues:104:5)
2026-08-11T10:47:27.380Z Error: Unknown column 'o.shipping_street' in 'field list'
    at getVendorReturns (file:///Z:/project%202.0%20new/server/src/controllers/returnController.js:188:34)
    at Layer.handle [as handle_request] (Z:\project 2.0 new\server\node_modules\express\lib\router\layer.js:95:5)
    at next (Z:\project 2.0 new\server\node_modules\express\lib\router\route.js:149:13)
    at file:///Z:/project%202.0%20new/server/src/middlewares/authMiddleware.js:60:14
    at Layer.handle [as handle_request] (Z:\project 2.0 new\server\node_modules\express\lib\router\layer.js:95:5)
    at next (Z:\project 2.0 new\server\node_modules\express\lib\router\route.js:149:13)
    at protect (file:///Z:/project%202.0%20new/server/src/middlewares/authMiddleware.js:37:7)
    at process.processTicksAndRejections (node:internal/process/task_queues:104:5)
2026-08-11T10:47:27.385Z Error: Unknown column 'o.shipping_street' in 'field list'
    at getVendorReturns (file:///Z:/project%202.0%20new/server/src/controllers/returnController.js:188:34)
    at Layer.handle [as handle_request] (Z:\project 2.0 new\server\node_modules\express\lib\router\layer.js:95:5)
    at next (Z:\project 2.0 new\server\node_modules\express\lib\router\route.js:149:13)
    at file:///Z:/project%202.0%20new/server/src/middlewares/authMiddleware.js:60:14
    at Layer.handle [as handle_request] (Z:\project 2.0 new\server\node_modules\express\lib\router\layer.js:95:5)
    at next (Z:\project 2.0 new\server\node_modules\express\lib\router\route.js:149:13)
    at protect (file:///Z:/project%202.0%20new/server/src/middlewares/authMiddleware.js:37:7)
    at process.processTicksAndRejections (node:internal/process/task_queues:104:5)
2026-08-11T10:48:09.111Z Error: Unknown column 'o.shipping_street' in 'field list'
    at getVendorReturns (file:///Z:/project%202.0%20new/server/src/controllers/returnController.js:188:34)
    at Layer.handle [as handle_request] (Z:\project 2.0 new\server\node_modules\express\lib\router\layer.js:95:5)
    at next (Z:\project 2.0 new\server\node_modules\express\lib\router\route.js:149:13)
    at file:///Z:/project%202.0%20new/server/src/middlewares/authMiddleware.js:60:14
    at Layer.handle [as handle_request] (Z:\project 2.0 new\server\node_modules\express\lib\router\layer.js:95:5)
    at next (Z:\project 2.0 new\server\node_modules\express\lib\router\route.js:149:13)
    at protect (file:///Z:/project%202.0%20new/server/src/middlewares/authMiddleware.js:37:7)
    at process.processTicksAndRejections (node:internal/process/task_queues:104:5)
2026-08-11T10:48:09.117Z Error: Unknown column 'o.shipping_street' in 'field list'
    at getVendorReturns (file:///Z:/project%202.0%20new/server/src/controllers/returnController.js:188:34)
    at Layer.handle [as handle_request] (Z:\project 2.0 new\server\node_modules\express\lib\router\layer.js:95:5)
    at next (Z:\project 2.0 new\server\node_modules\express\lib\router\route.js:149:13)
    at file:///Z:/project%202.0%20new/server/src/middlewares/authMiddleware.js:60:14
    at Layer.handle [as handle_request] (Z:\project 2.0 new\server\node_modules\express\lib\router\layer.js:95:5)
    at next (Z:\project 2.0 new\server\node_modules\express\lib\router\route.js:149:13)
    at protect (file:///Z:/project%202.0%20new/server/src/middlewares/authMiddleware.js:37:7)
    at process.processTicksAndRejections (node:internal/process/task_queues:104:5)
2026-08-11T12:43:52.672Z Error: FUNCTION user1.JSON_ARRAYAGG does not exist
    at getTicketDetailsForSupport (file:///Z:/project%202.0%20new/server/src/controllers/supportController.js:134:33)
    at process.processTicksAndRejections (node:internal/process/task_queues:104:5)
2026-08-11T12:43:55.680Z Error: FUNCTION user1.JSON_ARRAYAGG does not exist
    at getTicketDetailsForSupport (file:///Z:/project%202.0%20new/server/src/controllers/supportController.js:134:33)
    at process.processTicksAndRejections (node:internal/process/task_queues:104:5)
2026-08-11T12:43:58.673Z Error: FUNCTION user1.JSON_ARRAYAGG does not exist
    at getTicketDetailsForSupport (file:///Z:/project%202.0%20new/server/src/controllers/supportController.js:134:33)
    at process.processTicksAndRejections (node:internal/process/task_queues:104:5)
2026-08-11T12:44:01.820Z Error: FUNCTION user1.JSON_ARRAYAGG does not exist
    at getTicketDetailsForSupport (file:///Z:/project%202.0%20new/server/src/controllers/supportController.js:134:33)
    at process.processTicksAndRejections (node:internal/process/task_queues:104:5)
2026-08-11T12:44:04.805Z Error: FUNCTION user1.JSON_ARRAYAGG does not exist
    at getTicketDetailsForSupport (file:///Z:/project%202.0%20new/server/src/controllers/supportController.js:134:33)
    at process.processTicksAndRejections (node:internal/process/task_queues:104:5)
2026-08-11T12:44:07.804Z Error: FUNCTION user1.JSON_ARRAYAGG does not exist
    at getTicketDetailsForSupport (file:///Z:/project%202.0%20new/server/src/controllers/supportController.js:134:33)
    at process.processTicksAndRejections (node:internal/process/task_queues:104:5)
2026-08-11T12:44:10.807Z Error: FUNCTION user1.JSON_ARRAYAGG does not exist
    at getTicketDetailsForSupport (file:///Z:/project%202.0%20new/server/src/controllers/supportController.js:134:33)
    at process.processTicksAndRejections (node:internal/process/task_queues:104:5)
2026-08-11T12:44:13.804Z Error: FUNCTION user1.JSON_ARRAYAGG does not exist
    at getTicketDetailsForSupport (file:///Z:/project%202.0%20new/server/src/controllers/supportController.js:134:33)
    at process.processTicksAndRejections (node:internal/process/task_queues:104:5)
2026-08-11T12:44:16.815Z Error: FUNCTION user1.JSON_ARRAYAGG does not exist
    at getTicketDetailsForSupport (file:///Z:/project%202.0%20new/server/src/controllers/supportController.js:134:33)
    at process.processTicksAndRejections (node:internal/process/task_queues:104:5)
2026-08-11T12:44:19.802Z Error: FUNCTION user1.JSON_ARRAYAGG does not exist
    at getTicketDetailsForSupport (file:///Z:/project%202.0%20new/server/src/controllers/supportController.js:134:33)
    at process.processTicksAndRejections (node:internal/process/task_queues:104:5)
2026-08-11T12:44:22.811Z Error: FUNCTION user1.JSON_ARRAYAGG does not exist
    at getTicketDetailsForSupport (file:///Z:/project%202.0%20new/server/src/controllers/supportController.js:134:33)
    at process.processTicksAndRejections (node:internal/process/task_queues:104:5)
2026-08-11T12:44:25.688Z Error: FUNCTION user1.JSON_ARRAYAGG does not exist
    at getTicketDetailsForSupport (file:///Z:/project%202.0%20new/server/src/controllers/supportController.js:134:33)
    at process.processTicksAndRejections (node:internal/process/task_queues:104:5)
2026-08-11T12:44:28.669Z Error: FUNCTION user1.JSON_ARRAYAGG does not exist
    at getTicketDetailsForSupport (file:///Z:/project%202.0%20new/server/src/controllers/supportController.js:134:33)
    at process.processTicksAndRejections (node:internal/process/task_queues:104:5)
2026-08-11T12:44:31.676Z Error: FUNCTION user1.JSON_ARRAYAGG does not exist
    at getTicketDetailsForSupport (file:///Z:/project%202.0%20new/server/src/controllers/supportController.js:134:33)
    at process.processTicksAndRejections (node:internal/process/task_queues:104:5)
2026-08-11T12:44:34.669Z Error: FUNCTION user1.JSON_ARRAYAGG does not exist
    at getTicketDetailsForSupport (file:///Z:/project%202.0%20new/server/src/controllers/supportController.js:134:33)
    at process.processTicksAndRejections (node:internal/process/task_queues:104:5)
2026-08-11T12:44:37.695Z Error: FUNCTION user1.JSON_ARRAYAGG does not exist
    at getTicketDetailsForSupport (file:///Z:/project%202.0%20new/server/src/controllers/supportController.js:134:33)
    at process.processTicksAndRejections (node:internal/process/task_queues:104:5)
2026-08-11T12:44:40.801Z Error: FUNCTION user1.JSON_ARRAYAGG does not exist
    at getTicketDetailsForSupport (file:///Z:/project%202.0%20new/server/src/controllers/supportController.js:134:33)
    at process.processTicksAndRejections (node:internal/process/task_queues:104:5)
2026-08-11T12:44:43.812Z Error: FUNCTION user1.JSON_ARRAYAGG does not exist
    at getTicketDetailsForSupport (file:///Z:/project%202.0%20new/server/src/controllers/supportController.js:134:33)
    at process.processTicksAndRejections (node:internal/process/task_queues:104:5)
2026-08-11T12:44:46.819Z Error: FUNCTION user1.JSON_ARRAYAGG does not exist
    at getTicketDetailsForSupport (file:///Z:/project%202.0%20new/server/src/controllers/supportController.js:134:33)
    at process.processTicksAndRejections (node:internal/process/task_queues:104:5)
2026-08-11T12:44:49.817Z Error: FUNCTION user1.JSON_ARRAYAGG does not exist
    at getTicketDetailsForSupport (file:///Z:/project%202.0%20new/server/src/controllers/supportController.js:134:33)
    at process.processTicksAndRejections (node:internal/process/task_queues:104:5)
2026-08-11T12:44:52.813Z Error: FUNCTION user1.JSON_ARRAYAGG does not exist
    at getTicketDetailsForSupport (file:///Z:/project%202.0%20new/server/src/controllers/supportController.js:134:33)
    at process.processTicksAndRejections (node:internal/process/task_queues:104:5)
2026-08-12T04:31:51.327Z AggregateError: 
    at file:///Z:/project%202.0%20new/server/src/routes/publicRoutes.js:86:35
    at Layer.handle [as handle_request] (Z:\project 2.0 new\server\node_modules\express\lib\router\layer.js:95:5)
    at next (Z:\project 2.0 new\server\node_modules\express\lib\router\route.js:149:13)
    at Route.dispatch (Z:\project 2.0 new\server\node_modules\express\lib\router\route.js:119:3)
    at Layer.handle [as handle_request] (Z:\project 2.0 new\server\node_modules\express\lib\router\layer.js:95:5)
    at Z:\project 2.0 new\server\node_modules\express\lib\router\index.js:284:15
    at router.process_params (Z:\project 2.0 new\server\node_modules\express\lib\router\index.js:346:12)
    at next (Z:\project 2.0 new\server\node_modules\express\lib\router\index.js:280:10)
    at router.handle (Z:\project 2.0 new\server\node_modules\express\lib\router\index.js:175:3)
    at router (Z:\project 2.0 new\server\node_modules\express\lib\router\index.js:47:12)
2026-08-12T04:31:51.332Z AggregateError: 
    at file:///Z:/project%202.0%20new/server/src/routes/publicRoutes.js:275:30
    at Layer.handle [as handle_request] (Z:\project 2.0 new\server\node_modules\express\lib\router\layer.js:95:5)
    at next (Z:\project 2.0 new\server\node_modules\express\lib\router\route.js:149:13)
    at Route.dispatch (Z:\project 2.0 new\server\node_modules\express\lib\router\route.js:119:3)
    at Layer.handle [as handle_request] (Z:\project 2.0 new\server\node_modules\express\lib\router\layer.js:95:5)
    at Z:\project 2.0 new\server\node_modules\express\lib\router\index.js:284:15
    at router.process_params (Z:\project 2.0 new\server\node_modules\express\lib\router\index.js:346:12)
    at next (Z:\project 2.0 new\server\node_modules\express\lib\router\index.js:280:10)
    at router.handle (Z:\project 2.0 new\server\node_modules\express\lib\router\index.js:175:3)
    at router (Z:\project 2.0 new\server\node_modules\express\lib\router\index.js:47:12)
2026-08-12T04:31:51.336Z AggregateError: 
    at file:///Z:/project%202.0%20new/server/src/routes/publicRoutes.js:290:37
    at Layer.handle [as handle_request] (Z:\project 2.0 new\server\node_modules\express\lib\router\layer.js:95:5)
    at next (Z:\project 2.0 new\server\node_modules\express\lib\router\route.js:149:13)
    at Route.dispatch (Z:\project 2.0 new\server\node_modules\express\lib\router\route.js:119:3)
    at Layer.handle [as handle_request] (Z:\project 2.0 new\server\node_modules\express\lib\router\layer.js:95:5)
    at Z:\project 2.0 new\server\node_modules\express\lib\router\index.js:284:15
    at router.process_params (Z:\project 2.0 new\server\node_modules\express\lib\router\index.js:346:12)
    at next (Z:\project 2.0 new\server\node_modules\express\lib\router\index.js:280:10)
    at router.handle (Z:\project 2.0 new\server\node_modules\express\lib\router\index.js:175:3)
    at router (Z:\project 2.0 new\server\node_modules\express\lib\router\index.js:47:12)
2026-08-12T04:31:51.338Z AggregateError: 
    at file:///Z:/project%202.0%20new/server/src/routes/publicRoutes.js:18:37
    at Layer.handle [as handle_request] (Z:\project 2.0 new\server\node_modules\express\lib\router\layer.js:95:5)
    at next (Z:\project 2.0 new\server\node_modules\express\lib\router\route.js:149:13)
    at Route.dispatch (Z:\project 2.0 new\server\node_modules\express\lib\router\route.js:119:3)
    at Layer.handle [as handle_request] (Z:\project 2.0 new\server\node_modules\express\lib\router\layer.js:95:5)
    at Z:\project 2.0 new\server\node_modules\express\lib\router\index.js:284:15
    at router.process_params (Z:\project 2.0 new\server\node_modules\express\lib\router\index.js:346:12)
    at next (Z:\project 2.0 new\server\node_modules\express\lib\router\index.js:280:10)
    at router.handle (Z:\project 2.0 new\server\node_modules\express\lib\router\index.js:175:3)
    at router (Z:\project 2.0 new\server\node_modules\express\lib\router\index.js:47:12)
2026-08-12T04:31:51.353Z AggregateError: 
    at file:///Z:/project%202.0%20new/server/src/routes/publicRoutes.js:86:35
    at Layer.handle [as handle_request] (Z:\project 2.0 new\server\node_modules\express\lib\router\layer.js:95:5)
    at next (Z:\project 2.0 new\server\node_modules\express\lib\router\route.js:149:13)
    at Route.dispatch (Z:\project 2.0 new\server\node_modules\express\lib\router\route.js:119:3)
    at Layer.handle [as handle_request] (Z:\project 2.0 new\server\node_modules\express\lib\router\layer.js:95:5)
    at Z:\project 2.0 new\server\node_modules\express\lib\router\index.js:284:15
    at router.process_params (Z:\project 2.0 new\server\node_modules\express\lib\router\index.js:346:12)
    at next (Z:\project 2.0 new\server\node_modules\express\lib\router\index.js:280:10)
    at router.handle (Z:\project 2.0 new\server\node_modules\express\lib\router\index.js:175:3)
    at router (Z:\project 2.0 new\server\node_modules\express\lib\router\index.js:47:12)
2026-08-12T04:31:51.356Z AggregateError: 
    at file:///Z:/project%202.0%20new/server/src/routes/publicRoutes.js:275:30
    at Layer.handle [as handle_request] (Z:\project 2.0 new\server\node_modules\express\lib\router\layer.js:95:5)
    at next (Z:\project 2.0 new\server\node_modules\express\lib\router\route.js:149:13)
    at Route.dispatch (Z:\project 2.0 new\server\node_modules\express\lib\router\route.js:119:3)
    at Layer.handle [as handle_request] (Z:\project 2.0 new\server\node_modules\express\lib\router\layer.js:95:5)
    at Z:\project 2.0 new\server\node_modules\express\lib\router\index.js:284:15
    at router.process_params (Z:\project 2.0 new\server\node_modules\express\lib\router\index.js:346:12)
    at next (Z:\project 2.0 new\server\node_modules\express\lib\router\index.js:280:10)
    at router.handle (Z:\project 2.0 new\server\node_modules\express\lib\router\index.js:175:3)
    at router (Z:\project 2.0 new\server\node_modules\express\lib\router\index.js:47:12)
2026-08-12T04:31:51.359Z AggregateError: 
    at file:///Z:/project%202.0%20new/server/src/routes/publicRoutes.js:290:37
    at Layer.handle [as handle_request] (Z:\project 2.0 new\server\node_modules\express\lib\router\layer.js:95:5)
    at next (Z:\project 2.0 new\server\node_modules\express\lib\router\route.js:149:13)
    at Route.dispatch (Z:\project 2.0 new\server\node_modules\express\lib\router\route.js:119:3)
    at Layer.handle [as handle_request] (Z:\project 2.0 new\server\node_modules\express\lib\router\layer.js:95:5)
    at Z:\project 2.0 new\server\node_modules\express\lib\router\index.js:284:15
    at router.process_params (Z:\project 2.0 new\server\node_modules\express\lib\router\index.js:346:12)
    at next (Z:\project 2.0 new\server\node_modules\express\lib\router\index.js:280:10)
    at router.handle (Z:\project 2.0 new\server\node_modules\express\lib\router\index.js:175:3)
    at router (Z:\project 2.0 new\server\node_modules\express\lib\router\index.js:47:12)
2026-08-12T04:31:51.361Z AggregateError: 
    at file:///Z:/project%202.0%20new/server/src/routes/publicRoutes.js:18:37
    at Layer.handle [as handle_request] (Z:\project 2.0 new\server\node_modules\express\lib\router\layer.js:95:5)
    at next (Z:\project 2.0 new\server\node_modules\express\lib\router\route.js:149:13)
    at Route.dispatch (Z:\project 2.0 new\server\node_modules\express\lib\router\route.js:119:3)
    at Layer.handle [as handle_request] (Z:\project 2.0 new\server\node_modules\express\lib\router\layer.js:95:5)
    at Z:\project 2.0 new\server\node_modules\express\lib\router\index.js:284:15
    at router.process_params (Z:\project 2.0 new\server\node_modules\express\lib\router\index.js:346:12)
    at next (Z:\project 2.0 new\server\node_modules\express\lib\router\index.js:280:10)
    at router.handle (Z:\project 2.0 new\server\node_modules\express\lib\router\index.js:175:3)
    at router (Z:\project 2.0 new\server\node_modules\express\lib\router\index.js:47:12)
2026-08-12T04:31:51.378Z AggregateError: 
    at file:///Z:/project%202.0%20new/server/src/routes/publicRoutes.js:18:37
    at Layer.handle [as handle_request] (Z:\project 2.0 new\server\node_modules\express\lib\router\layer.js:95:5)
    at next (Z:\project 2.0 new\server\node_modules\express\lib\router\route.js:149:13)
    at Route.dispatch (Z:\project 2.0 new\server\node_modules\express\lib\router\route.js:119:3)
    at Layer.handle [as handle_request] (Z:\project 2.0 new\server\node_modules\express\lib\router\layer.js:95:5)
    at Z:\project 2.0 new\server\node_modules\express\lib\router\index.js:284:15
    at router.process_params (Z:\project 2.0 new\server\node_modules\express\lib\router\index.js:346:12)
    at next (Z:\project 2.0 new\server\node_modules\express\lib\router\index.js:280:10)
    at router.handle (Z:\project 2.0 new\server\node_modules\express\lib\router\index.js:175:3)
    at router (Z:\project 2.0 new\server\node_modules\express\lib\router\index.js:47:12)
2026-08-12T04:31:51.385Z AggregateError: 
    at file:///Z:/project%202.0%20new/server/src/routes/publicRoutes.js:18:37
    at Layer.handle [as handle_request] (Z:\project 2.0 new\server\node_modules\express\lib\router\layer.js:95:5)
    at next (Z:\project 2.0 new\server\node_modules\express\lib\router\route.js:149:13)
    at Route.dispatch (Z:\project 2.0 new\server\node_modules\express\lib\router\route.js:119:3)
    at Layer.handle [as handle_request] (Z:\project 2.0 new\server\node_modules\express\lib\router\layer.js:95:5)
    at Z:\project 2.0 new\server\node_modules\express\lib\router\index.js:284:15
    at router.process_params (Z:\project 2.0 new\server\node_modules\express\lib\router\index.js:346:12)
    at next (Z:\project 2.0 new\server\node_modules\express\lib\router\index.js:280:10)
    at router.handle (Z:\project 2.0 new\server\node_modules\express\lib\router\index.js:175:3)
    at router (Z:\project 2.0 new\server\node_modules\express\lib\router\index.js:47:12)
2026-08-12T04:31:51.406Z AggregateError: 
    at file:///Z:/project%202.0%20new/server/src/routes/publicRoutes.js:203:35
    at Layer.handle [as handle_request] (Z:\project 2.0 new\server\node_modules\express\lib\router\layer.js:95:5)
    at next (Z:\project 2.0 new\server\node_modules\express\lib\router\route.js:149:13)
    at Route.dispatch (Z:\project 2.0 new\server\node_modules\express\lib\router\route.js:119:3)
    at Layer.handle [as handle_request] (Z:\project 2.0 new\server\node_modules\express\lib\router\layer.js:95:5)
    at Z:\project 2.0 new\server\node_modules\express\lib\router\index.js:284:15
    at router.process_params (Z:\project 2.0 new\server\node_modules\express\lib\router\index.js:346:12)
    at next (Z:\project 2.0 new\server\node_modules\express\lib\router\index.js:280:10)
    at router.handle (Z:\project 2.0 new\server\node_modules\express\lib\router\index.js:175:3)
    at router (Z:\project 2.0 new\server\node_modules\express\lib\router\index.js:47:12)
2026-08-12T11:50:04.816Z Error: Unknown column 'setting_value' in 'field list'
    at getReferralDashboard (file:///Z:/project%202.0%20new/server/src/controllers/vendorReferralController.js:28:35)
    at process.processTicksAndRejections (node:internal/process/task_queues:104:5)
2026-08-12T11:50:04.826Z Error: Unknown column 'setting_value' in 'field list'
    at getReferralDashboard (file:///Z:/project%202.0%20new/server/src/controllers/vendorReferralController.js:28:35)
    at process.processTicksAndRejections (node:internal/process/task_queues:104:5)
2026-08-12T11:50:28.674Z Error: Unknown column 'setting_value' in 'field list'
    at getReferralDashboard (file:///Z:/project%202.0%20new/server/src/controllers/vendorReferralController.js:28:35)
    at process.processTicksAndRejections (node:internal/process/task_queues:104:5)
2026-08-12T11:50:28.683Z Error: Unknown column 'setting_value' in 'field list'
    at getReferralDashboard (file:///Z:/project%202.0%20new/server/src/controllers/vendorReferralController.js:28:35)
    at process.processTicksAndRejections (node:internal/process/task_queues:104:5)
2026-08-13T04:17:19.915Z AggregateError: 
    at file:///Z:/project%202.0%20new/server/src/routes/publicRoutes.js:87:35
    at Layer.handle [as handle_request] (Z:\project 2.0 new\server\node_modules\express\lib\router\layer.js:95:5)
    at next (Z:\project 2.0 new\server\node_modules\express\lib\router\route.js:149:13)
    at Route.dispatch (Z:\project 2.0 new\server\node_modules\express\lib\router\route.js:119:3)
    at Layer.handle [as handle_request] (Z:\project 2.0 new\server\node_modules\express\lib\router\layer.js:95:5)
    at Z:\project 2.0 new\server\node_modules\express\lib\router\index.js:284:15
    at router.process_params (Z:\project 2.0 new\server\node_modules\express\lib\router\index.js:346:12)
    at next (Z:\project 2.0 new\server\node_modules\express\lib\router\index.js:280:10)
    at router.handle (Z:\project 2.0 new\server\node_modules\express\lib\router\index.js:175:3)
    at router (Z:\project 2.0 new\server\node_modules\express\lib\router\index.js:47:12)
2026-08-13T04:17:19.919Z AggregateError: 
    at file:///Z:/project%202.0%20new/server/src/routes/publicRoutes.js:449:30
    at Layer.handle [as handle_request] (Z:\project 2.0 new\server\node_modules\express\lib\router\layer.js:95:5)
    at next (Z:\project 2.0 new\server\node_modules\express\lib\router\route.js:149:13)
    at Route.dispatch (Z:\project 2.0 new\server\node_modules\express\lib\router\route.js:119:3)
    at Layer.handle [as handle_request] (Z:\project 2.0 new\server\node_modules\express\lib\router\layer.js:95:5)
    at Z:\project 2.0 new\server\node_modules\express\lib\router\index.js:284:15
    at router.process_params (Z:\project 2.0 new\server\node_modules\express\lib\router\index.js:346:12)
    at next (Z:\project 2.0 new\server\node_modules\express\lib\router\index.js:280:10)
    at router.handle (Z:\project 2.0 new\server\node_modules\express\lib\router\index.js:175:3)
    at router (Z:\project 2.0 new\server\node_modules\express\lib\router\index.js:47:12)
2026-08-13T04:17:19.922Z AggregateError: 
    at file:///Z:/project%202.0%20new/server/src/routes/publicRoutes.js:18:37
    at Layer.handle [as handle_request] (Z:\project 2.0 new\server\node_modules\express\lib\router\layer.js:95:5)
    at next (Z:\project 2.0 new\server\node_modules\express\lib\router\route.js:149:13)
    at Route.dispatch (Z:\project 2.0 new\server\node_modules\express\lib\router\route.js:119:3)
    at Layer.handle [as handle_request] (Z:\project 2.0 new\server\node_modules\express\lib\router\layer.js:95:5)
    at Z:\project 2.0 new\server\node_modules\express\lib\router\index.js:284:15
    at router.process_params (Z:\project 2.0 new\server\node_modules\express\lib\router\index.js:346:12)
    at next (Z:\project 2.0 new\server\node_modules\express\lib\router\index.js:280:10)
    at router.handle (Z:\project 2.0 new\server\node_modules\express\lib\router\index.js:175:3)
    at router (Z:\project 2.0 new\server\node_modules\express\lib\router\index.js:47:12)
2026-08-13T04:17:19.925Z AggregateError: 
    at file:///Z:/project%202.0%20new/server/src/routes/publicRoutes.js:464:37
    at Layer.handle [as handle_request] (Z:\project 2.0 new\server\node_modules\express\lib\router\layer.js:95:5)
    at next (Z:\project 2.0 new\server\node_modules\express\lib\router\route.js:149:13)
    at Route.dispatch (Z:\project 2.0 new\server\node_modules\express\lib\router\route.js:119:3)
    at Layer.handle [as handle_request] (Z:\project 2.0 new\server\node_modules\express\lib\router\layer.js:95:5)
    at Z:\project 2.0 new\server\node_modules\express\lib\router\index.js:284:15
    at router.process_params (Z:\project 2.0 new\server\node_modules\express\lib\router\index.js:346:12)
    at next (Z:\project 2.0 new\server\node_modules\express\lib\router\index.js:280:10)
    at router.handle (Z:\project 2.0 new\server\node_modules\express\lib\router\index.js:175:3)
    at router (Z:\project 2.0 new\server\node_modules\express\lib\router\index.js:47:12)
2026-08-13T04:17:19.938Z AggregateError: 
    at file:///Z:/project%202.0%20new/server/src/routes/publicRoutes.js:87:35
    at Layer.handle [as handle_request] (Z:\project 2.0 new\server\node_modules\express\lib\router\layer.js:95:5)
    at next (Z:\project 2.0 new\server\node_modules\express\lib\router\route.js:149:13)
    at Route.dispatch (Z:\project 2.0 new\server\node_modules\express\lib\router\route.js:119:3)
    at Layer.handle [as handle_request] (Z:\project 2.0 new\server\node_modules\express\lib\router\layer.js:95:5)
    at Z:\project 2.0 new\server\node_modules\express\lib\router\index.js:284:15
    at router.process_params (Z:\project 2.0 new\server\node_modules\express\lib\router\index.js:346:12)
    at next (Z:\project 2.0 new\server\node_modules\express\lib\router\index.js:280:10)
    at router.handle (Z:\project 2.0 new\server\node_modules\express\lib\router\index.js:175:3)
    at router (Z:\project 2.0 new\server\node_modules\express\lib\router\index.js:47:12)
2026-08-13T04:17:19.941Z AggregateError: 
    at file:///Z:/project%202.0%20new/server/src/routes/publicRoutes.js:449:30
    at Layer.handle [as handle_request] (Z:\project 2.0 new\server\node_modules\express\lib\router\layer.js:95:5)
    at next (Z:\project 2.0 new\server\node_modules\express\lib\router\route.js:149:13)
    at Route.dispatch (Z:\project 2.0 new\server\node_modules\express\lib\router\route.js:119:3)
    at Layer.handle [as handle_request] (Z:\project 2.0 new\server\node_modules\express\lib\router\layer.js:95:5)
    at Z:\project 2.0 new\server\node_modules\express\lib\router\index.js:284:15
    at router.process_params (Z:\project 2.0 new\server\node_modules\express\lib\router\index.js:346:12)
    at next (Z:\project 2.0 new\server\node_modules\express\lib\router\index.js:280:10)
    at router.handle (Z:\project 2.0 new\server\node_modules\express\lib\router\index.js:175:3)
    at router (Z:\project 2.0 new\server\node_modules\express\lib\router\index.js:47:12)
2026-08-13T04:17:19.944Z AggregateError: 
    at file:///Z:/project%202.0%20new/server/src/routes/publicRoutes.js:18:37
    at Layer.handle [as handle_request] (Z:\project 2.0 new\server\node_modules\express\lib\router\layer.js:95:5)
    at next (Z:\project 2.0 new\server\node_modules\express\lib\router\route.js:149:13)
    at Route.dispatch (Z:\project 2.0 new\server\node_modules\express\lib\router\route.js:119:3)
    at Layer.handle [as handle_request] (Z:\project 2.0 new\server\node_modules\express\lib\router\layer.js:95:5)
    at Z:\project 2.0 new\server\node_modules\express\lib\router\index.js:284:15
    at router.process_params (Z:\project 2.0 new\server\node_modules\express\lib\router\index.js:346:12)
    at next (Z:\project 2.0 new\server\node_modules\express\lib\router\index.js:280:10)
    at router.handle (Z:\project 2.0 new\server\node_modules\express\lib\router\index.js:175:3)
    at router (Z:\project 2.0 new\server\node_modules\express\lib\router\index.js:47:12)
2026-08-13T04:17:19.947Z AggregateError: 
    at file:///Z:/project%202.0%20new/server/src/routes/publicRoutes.js:464:37
    at Layer.handle [as handle_request] (Z:\project 2.0 new\server\node_modules\express\lib\router\layer.js:95:5)
    at next (Z:\project 2.0 new\server\node_modules\express\lib\router\route.js:149:13)
    at Route.dispatch (Z:\project 2.0 new\server\node_modules\express\lib\router\route.js:119:3)
    at Layer.handle [as handle_request] (Z:\project 2.0 new\server\node_modules\express\lib\router\layer.js:95:5)
    at Z:\project 2.0 new\server\node_modules\express\lib\router\index.js:284:15
    at router.process_params (Z:\project 2.0 new\server\node_modules\express\lib\router\index.js:346:12)
    at next (Z:\project 2.0 new\server\node_modules\express\lib\router\index.js:280:10)
    at router.handle (Z:\project 2.0 new\server\node_modules\express\lib\router\index.js:175:3)
    at router (Z:\project 2.0 new\server\node_modules\express\lib\router\index.js:47:12)
2026-08-13T04:17:19.956Z AggregateError: 
    at file:///Z:/project%202.0%20new/server/src/routes/publicRoutes.js:18:37
    at Layer.handle [as handle_request] (Z:\project 2.0 new\server\node_modules\express\lib\router\layer.js:95:5)
    at next (Z:\project 2.0 new\server\node_modules\express\lib\router\route.js:149:13)
    at Route.dispatch (Z:\project 2.0 new\server\node_modules\express\lib\router\route.js:119:3)
    at Layer.handle [as handle_request] (Z:\project 2.0 new\server\node_modules\express\lib\router\layer.js:95:5)
    at Z:\project 2.0 new\server\node_modules\express\lib\router\index.js:284:15
    at router.process_params (Z:\project 2.0 new\server\node_modules\express\lib\router\index.js:346:12)
    at next (Z:\project 2.0 new\server\node_modules\express\lib\router\index.js:280:10)
    at router.handle (Z:\project 2.0 new\server\node_modules\express\lib\router\index.js:175:3)
    at router (Z:\project 2.0 new\server\node_modules\express\lib\router\index.js:47:12)
2026-08-13T04:17:19.964Z AggregateError: 
    at file:///Z:/project%202.0%20new/server/src/routes/publicRoutes.js:18:37
    at Layer.handle [as handle_request] (Z:\project 2.0 new\server\node_modules\express\lib\router\layer.js:95:5)
    at next (Z:\project 2.0 new\server\node_modules\express\lib\router\route.js:149:13)
    at Route.dispatch (Z:\project 2.0 new\server\node_modules\express\lib\router\route.js:119:3)
    at Layer.handle [as handle_request] (Z:\project 2.0 new\server\node_modules\express\lib\router\layer.js:95:5)
    at Z:\project 2.0 new\server\node_modules\express\lib\router\index.js:284:15
    at router.process_params (Z:\project 2.0 new\server\node_modules\express\lib\router\index.js:346:12)
    at next (Z:\project 2.0 new\server\node_modules\express\lib\router\index.js:280:10)
    at router.handle (Z:\project 2.0 new\server\node_modules\express\lib\router\index.js:175:3)
    at router (Z:\project 2.0 new\server\node_modules\express\lib\router\index.js:47:12)
2026-08-13T04:17:19.986Z AggregateError: 
    at file:///Z:/project%202.0%20new/server/src/routes/publicRoutes.js:204:35
    at Layer.handle [as handle_request] (Z:\project 2.0 new\server\node_modules\express\lib\router\layer.js:95:5)
    at next (Z:\project 2.0 new\server\node_modules\express\lib\router\route.js:149:13)
    at Route.dispatch (Z:\project 2.0 new\server\node_modules\express\lib\router\route.js:119:3)
    at Layer.handle [as handle_request] (Z:\project 2.0 new\server\node_modules\express\lib\router\layer.js:95:5)
    at Z:\project 2.0 new\server\node_modules\express\lib\router\index.js:284:15
    at router.process_params (Z:\project 2.0 new\server\node_modules\express\lib\router\index.js:346:12)
    at next (Z:\project 2.0 new\server\node_modules\express\lib\router\index.js:280:10)
    at router.handle (Z:\project 2.0 new\server\node_modules\express\lib\router\index.js:175:3)
    at router (Z:\project 2.0 new\server\node_modules\express\lib\router\index.js:47:12)
2026-08-13T04:41:01.112Z Error: Table 'user1.products' doesn't exist in engine
    at file:///Z:/project%202.0%20new/server/src/routes/publicRoutes.js:87:35
    at Layer.handle [as handle_request] (Z:\project 2.0 new\server\node_modules\express\lib\router\layer.js:95:5)
    at next (Z:\project 2.0 new\server\node_modules\express\lib\router\route.js:149:13)
    at Route.dispatch (Z:\project 2.0 new\server\node_modules\express\lib\router\route.js:119:3)
    at Layer.handle [as handle_request] (Z:\project 2.0 new\server\node_modules\express\lib\router\layer.js:95:5)
    at Z:\project 2.0 new\server\node_modules\express\lib\router\index.js:284:15
    at router.process_params (Z:\project 2.0 new\server\node_modules\express\lib\router\index.js:346:12)
    at next (Z:\project 2.0 new\server\node_modules\express\lib\router\index.js:280:10)
    at router.handle (Z:\project 2.0 new\server\node_modules\express\lib\router\index.js:175:3)
    at router (Z:\project 2.0 new\server\node_modules\express\lib\router\index.js:47:12)
2026-08-13T04:41:01.114Z Error: Table 'user1.advertisements' doesn't exist in engine
    at file:///Z:/project%202.0%20new/server/src/routes/publicRoutes.js:449:30
    at Layer.handle [as handle_request] (Z:\project 2.0 new\server\node_modules\express\lib\router\layer.js:95:5)
    at next (Z:\project 2.0 new\server\node_modules\express\lib\router\route.js:149:13)
    at Route.dispatch (Z:\project 2.0 new\server\node_modules\express\lib\router\route.js:119:3)
    at Layer.handle [as handle_request] (Z:\project 2.0 new\server\node_modules\express\lib\router\layer.js:95:5)
    at Z:\project 2.0 new\server\node_modules\express\lib\router\index.js:284:15
    at router.process_params (Z:\project 2.0 new\server\node_modules\express\lib\router\index.js:346:12)
    at next (Z:\project 2.0 new\server\node_modules\express\lib\router\index.js:280:10)
    at router.handle (Z:\project 2.0 new\server\node_modules\express\lib\router\index.js:175:3)
    at router (Z:\project 2.0 new\server\node_modules\express\lib\router\index.js:47:12)
2026-08-13T04:41:01.115Z Error: Table 'user1.vendor_profiles' doesn't exist in engine
    at file:///Z:/project%202.0%20new/server/src/routes/publicRoutes.js:464:37
    at Layer.handle [as handle_request] (Z:\project 2.0 new\server\node_modules\express\lib\router\layer.js:95:5)
    at next (Z:\project 2.0 new\server\node_modules\express\lib\router\route.js:149:13)
    at Route.dispatch (Z:\project 2.0 new\server\node_modules\express\lib\router\route.js:119:3)
    at Layer.handle [as handle_request] (Z:\project 2.0 new\server\node_modules\express\lib\router\layer.js:95:5)
    at Z:\project 2.0 new\server\node_modules\express\lib\router\index.js:284:15
    at router.process_params (Z:\project 2.0 new\server\node_modules\express\lib\router\index.js:346:12)
    at next (Z:\project 2.0 new\server\node_modules\express\lib\router\index.js:280:10)
    at router.handle (Z:\project 2.0 new\server\node_modules\express\lib\router\index.js:175:3)
    at router (Z:\project 2.0 new\server\node_modules\express\lib\router\index.js:47:12)
2026-08-13T04:41:01.117Z Error: Table 'user1.categories' doesn't exist in engine
    at file:///Z:/project%202.0%20new/server/src/routes/publicRoutes.js:18:37
    at Layer.handle [as handle_request] (Z:\project 2.0 new\server\node_modules\express\lib\router\layer.js:95:5)
    at next (Z:\project 2.0 new\server\node_modules\express\lib\router\route.js:149:13)
    at Route.dispatch (Z:\project 2.0 new\server\node_modules\express\lib\router\route.js:119:3)
    at Layer.handle [as handle_request] (Z:\project 2.0 new\server\node_modules\express\lib\router\layer.js:95:5)
    at Z:\project 2.0 new\server\node_modules\express\lib\router\index.js:284:15
    at router.process_params (Z:\project 2.0 new\server\node_modules\express\lib\router\index.js:346:12)
    at next (Z:\project 2.0 new\server\node_modules\express\lib\router\index.js:280:10)
    at router.handle (Z:\project 2.0 new\server\node_modules\express\lib\router\index.js:175:3)
    at router (Z:\project 2.0 new\server\node_modules\express\lib\router\index.js:47:12)
2026-08-13T04:41:01.124Z Error: Table 'user1.products' doesn't exist in engine
    at file:///Z:/project%202.0%20new/server/src/routes/publicRoutes.js:87:35
    at Layer.handle [as handle_request] (Z:\project 2.0 new\server\node_modules\express\lib\router\layer.js:95:5)
    at next (Z:\project 2.0 new\server\node_modules\express\lib\router\route.js:149:13)
    at Route.dispatch (Z:\project 2.0 new\server\node_modules\express\lib\router\route.js:119:3)
    at Layer.handle [as handle_request] (Z:\project 2.0 new\server\node_modules\express\lib\router\layer.js:95:5)
    at Z:\project 2.0 new\server\node_modules\express\lib\router\index.js:284:15
    at router.process_params (Z:\project 2.0 new\server\node_modules\express\lib\router\index.js:346:12)
    at next (Z:\project 2.0 new\server\node_modules\express\lib\router\index.js:280:10)
    at router.handle (Z:\project 2.0 new\server\node_modules\express\lib\router\index.js:175:3)
    at router (Z:\project 2.0 new\server\node_modules\express\lib\router\index.js:47:12)
2026-08-13T04:41:01.130Z Error: Table 'user1.advertisements' doesn't exist in engine
    at file:///Z:/project%202.0%20new/server/src/routes/publicRoutes.js:449:30
    at Layer.handle [as handle_request] (Z:\project 2.0 new\server\node_modules\express\lib\router\layer.js:95:5)
    at next (Z:\project 2.0 new\server\node_modules\express\lib\router\route.js:149:13)
    at Route.dispatch (Z:\project 2.0 new\server\node_modules\express\lib\router\route.js:119:3)
    at Layer.handle [as handle_request] (Z:\project 2.0 new\server\node_modules\express\lib\router\layer.js:95:5)
    at Z:\project 2.0 new\server\node_modules\express\lib\router\index.js:284:15
    at router.process_params (Z:\project 2.0 new\server\node_modules\express\lib\router\index.js:346:12)
    at next (Z:\project 2.0 new\server\node_modules\express\lib\router\index.js:280:10)
    at router.handle (Z:\project 2.0 new\server\node_modules\express\lib\router\index.js:175:3)
    at router (Z:\project 2.0 new\server\node_modules\express\lib\router\index.js:47:12)
2026-08-13T04:41:01.132Z Error: Table 'user1.categories' doesn't exist in engine
    at file:///Z:/project%202.0%20new/server/src/routes/publicRoutes.js:18:37
    at Layer.handle [as handle_request] (Z:\project 2.0 new\server\node_modules\express\lib\router\layer.js:95:5)
    at next (Z:\project 2.0 new\server\node_modules\express\lib\router\route.js:149:13)
    at Route.dispatch (Z:\project 2.0 new\server\node_modules\express\lib\router\route.js:119:3)
    at Layer.handle [as handle_request] (Z:\project 2.0 new\server\node_modules\express\lib\router\layer.js:95:5)
    at Z:\project 2.0 new\server\node_modules\express\lib\router\index.js:284:15
    at router.process_params (Z:\project 2.0 new\server\node_modules\express\lib\router\index.js:346:12)
    at next (Z:\project 2.0 new\server\node_modules\express\lib\router\index.js:280:10)
    at router.handle (Z:\project 2.0 new\server\node_modules\express\lib\router\index.js:175:3)
    at router (Z:\project 2.0 new\server\node_modules\express\lib\router\index.js:47:12)
2026-08-13T04:41:01.134Z Error: Table 'user1.vendor_profiles' doesn't exist in engine
    at file:///Z:/project%202.0%20new/server/src/routes/publicRoutes.js:464:37
    at Layer.handle [as handle_request] (Z:\project 2.0 new\server\node_modules\express\lib\router\layer.js:95:5)
    at next (Z:\project 2.0 new\server\node_modules\express\lib\router\route.js:149:13)
    at Route.dispatch (Z:\project 2.0 new\server\node_modules\express\lib\router\route.js:119:3)
    at Layer.handle [as handle_request] (Z:\project 2.0 new\server\node_modules\express\lib\router\layer.js:95:5)
    at Z:\project 2.0 new\server\node_modules\express\lib\router\index.js:284:15
    at router.process_params (Z:\project 2.0 new\server\node_modules\express\lib\router\index.js:346:12)
    at next (Z:\project 2.0 new\server\node_modules\express\lib\router\index.js:280:10)
    at router.handle (Z:\project 2.0 new\server\node_modules\express\lib\router\index.js:175:3)
    at router (Z:\project 2.0 new\server\node_modules\express\lib\router\index.js:47:12)
2026-08-13T04:41:01.138Z Error: Table 'user1.categories' doesn't exist in engine
    at file:///Z:/project%202.0%20new/server/src/routes/publicRoutes.js:18:37
    at Layer.handle [as handle_request] (Z:\project 2.0 new\server\node_modules\express\lib\router\layer.js:95:5)
    at next (Z:\project 2.0 new\server\node_modules\express\lib\router\route.js:149:13)
    at Route.dispatch (Z:\project 2.0 new\server\node_modules\express\lib\router\route.js:119:3)
    at Layer.handle [as handle_request] (Z:\project 2.0 new\server\node_modules\express\lib\router\layer.js:95:5)
    at Z:\project 2.0 new\server\node_modules\express\lib\router\index.js:284:15
    at router.process_params (Z:\project 2.0 new\server\node_modules\express\lib\router\index.js:346:12)
    at next (Z:\project 2.0 new\server\node_modules\express\lib\router\index.js:280:10)
    at router.handle (Z:\project 2.0 new\server\node_modules\express\lib\router\index.js:175:3)
    at router (Z:\project 2.0 new\server\node_modules\express\lib\router\index.js:47:12)
2026-08-13T04:41:01.146Z Error: Table 'user1.categories' doesn't exist in engine
    at file:///Z:/project%202.0%20new/server/src/routes/publicRoutes.js:18:37
    at Layer.handle [as handle_request] (Z:\project 2.0 new\server\node_modules\express\lib\router\layer.js:95:5)
    at next (Z:\project 2.0 new\server\node_modules\express\lib\router\route.js:149:13)
    at Route.dispatch (Z:\project 2.0 new\server\node_modules\express\lib\router\route.js:119:3)
    at Layer.handle [as handle_request] (Z:\project 2.0 new\server\node_modules\express\lib\router\layer.js:95:5)
    at Z:\project 2.0 new\server\node_modules\express\lib\router\index.js:284:15
    at router.process_params (Z:\project 2.0 new\server\node_modules\express\lib\router\index.js:346:12)
    at next (Z:\project 2.0 new\server\node_modules\express\lib\router\index.js:280:10)
    at router.handle (Z:\project 2.0 new\server\node_modules\express\lib\router\index.js:175:3)
    at router (Z:\project 2.0 new\server\node_modules\express\lib\router\index.js:47:12)
2026-08-13T04:41:01.181Z Error: Table 'user1.products' doesn't exist in engine
    at file:///Z:/project%202.0%20new/server/src/routes/publicRoutes.js:204:35
    at Layer.handle [as handle_request] (Z:\project 2.0 new\server\node_modules\express\lib\router\layer.js:95:5)
    at next (Z:\project 2.0 new\server\node_modules\express\lib\router\route.js:149:13)
    at Route.dispatch (Z:\project 2.0 new\server\node_modules\express\lib\router\route.js:119:3)
    at Layer.handle [as handle_request] (Z:\project 2.0 new\server\node_modules\express\lib\router\layer.js:95:5)
    at Z:\project 2.0 new\server\node_modules\express\lib\router\index.js:284:15
    at router.process_params (Z:\project 2.0 new\server\node_modules\express\lib\router\index.js:346:12)
    at next (Z:\project 2.0 new\server\node_modules\express\lib\router\index.js:280:10)
    at router.handle (Z:\project 2.0 new\server\node_modules\express\lib\router\index.js:175:3)
    at router (Z:\project 2.0 new\server\node_modules\express\lib\router\index.js:47:12)
2026-08-13T04:41:32.317Z Error: Table 'user1.products' doesn't exist in engine
    at file:///Z:/project%202.0%20new/server/src/routes/publicRoutes.js:87:35
    at Layer.handle [as handle_request] (Z:\project 2.0 new\server\node_modules\express\lib\router\layer.js:95:5)
    at next (Z:\project 2.0 new\server\node_modules\express\lib\router\route.js:149:13)
    at Route.dispatch (Z:\project 2.0 new\server\node_modules\express\lib\router\route.js:119:3)
    at Layer.handle [as handle_request] (Z:\project 2.0 new\server\node_modules\express\lib\router\layer.js:95:5)
    at Z:\project 2.0 new\server\node_modules\express\lib\router\index.js:284:15
    at router.process_params (Z:\project 2.0 new\server\node_modules\express\lib\router\index.js:346:12)
    at next (Z:\project 2.0 new\server\node_modules\express\lib\router\index.js:280:10)
    at router.handle (Z:\project 2.0 new\server\node_modules\express\lib\router\index.js:175:3)
    at router (Z:\project 2.0 new\server\node_modules\express\lib\router\index.js:47:12)
2026-08-13T04:41:32.320Z Error: Table 'user1.advertisements' doesn't exist in engine
    at file:///Z:/project%202.0%20new/server/src/routes/publicRoutes.js:449:30
    at Layer.handle [as handle_request] (Z:\project 2.0 new\server\node_modules\express\lib\router\layer.js:95:5)
    at next (Z:\project 2.0 new\server\node_modules\express\lib\router\route.js:149:13)
    at Route.dispatch (Z:\project 2.0 new\server\node_modules\express\lib\router\route.js:119:3)
    at Layer.handle [as handle_request] (Z:\project 2.0 new\server\node_modules\express\lib\router\layer.js:95:5)
    at Z:\project 2.0 new\server\node_modules\express\lib\router\index.js:284:15
    at router.process_params (Z:\project 2.0 new\server\node_modules\express\lib\router\index.js:346:12)
    at next (Z:\project 2.0 new\server\node_modules\express\lib\router\index.js:280:10)
    at router.handle (Z:\project 2.0 new\server\node_modules\express\lib\router\index.js:175:3)
    at router (Z:\project 2.0 new\server\node_modules\express\lib\router\index.js:47:12)
2026-08-13T04:41:32.325Z Error: Table 'user1.vendor_profiles' doesn't exist in engine
    at file:///Z:/project%202.0%20new/server/src/routes/publicRoutes.js:464:37
    at Layer.handle [as handle_request] (Z:\project 2.0 new\server\node_modules\express\lib\router\layer.js:95:5)
    at next (Z:\project 2.0 new\server\node_modules\express\lib\router\route.js:149:13)
    at Route.dispatch (Z:\project 2.0 new\server\node_modules\express\lib\router\route.js:119:3)
    at Layer.handle [as handle_request] (Z:\project 2.0 new\server\node_modules\express\lib\router\layer.js:95:5)
    at Z:\project 2.0 new\server\node_modules\express\lib\router\index.js:284:15
    at router.process_params (Z:\project 2.0 new\server\node_modules\express\lib\router\index.js:346:12)
    at next (Z:\project 2.0 new\server\node_modules\express\lib\router\index.js:280:10)
    at router.handle (Z:\project 2.0 new\server\node_modules\express\lib\router\index.js:175:3)
    at router (Z:\project 2.0 new\server\node_modules\express\lib\router\index.js:47:12)
2026-08-13T04:41:32.327Z Error: Table 'user1.categories' doesn't exist in engine
    at file:///Z:/project%202.0%20new/server/src/routes/publicRoutes.js:18:37
    at Layer.handle [as handle_request] (Z:\project 2.0 new\server\node_modules\express\lib\router\layer.js:95:5)
    at next (Z:\project 2.0 new\server\node_modules\express\lib\router\route.js:149:13)
    at Route.dispatch (Z:\project 2.0 new\server\node_modules\express\lib\router\route.js:119:3)
    at Layer.handle [as handle_request] (Z:\project 2.0 new\server\node_modules\express\lib\router\layer.js:95:5)
    at Z:\project 2.0 new\server\node_modules\express\lib\router\index.js:284:15
    at router.process_params (Z:\project 2.0 new\server\node_modules\express\lib\router\index.js:346:12)
    at next (Z:\project 2.0 new\server\node_modules\express\lib\router\index.js:280:10)
    at router.handle (Z:\project 2.0 new\server\node_modules\express\lib\router\index.js:175:3)
    at router (Z:\project 2.0 new\server\node_modules\express\lib\router\index.js:47:12)
2026-08-13T04:41:32.334Z Error: Table 'user1.products' doesn't exist in engine
    at file:///Z:/project%202.0%20new/server/src/routes/publicRoutes.js:87:35
    at Layer.handle [as handle_request] (Z:\project 2.0 new\server\node_modules\express\lib\router\layer.js:95:5)
    at next (Z:\project 2.0 new\server\node_modules\express\lib\router\route.js:149:13)
    at Route.dispatch (Z:\project 2.0 new\server\node_modules\express\lib\router\route.js:119:3)
    at Layer.handle [as handle_request] (Z:\project 2.0 new\server\node_modules\express\lib\router\layer.js:95:5)
    at Z:\project 2.0 new\server\node_modules\express\lib\router\index.js:284:15
    at router.process_params (Z:\project 2.0 new\server\node_modules\express\lib\router\index.js:346:12)
    at next (Z:\project 2.0 new\server\node_modules\express\lib\router\index.js:280:10)
    at router.handle (Z:\project 2.0 new\server\node_modules\express\lib\router\index.js:175:3)
    at router (Z:\project 2.0 new\server\node_modules\express\lib\router\index.js:47:12)
2026-08-13T04:41:32.336Z Error: Table 'user1.advertisements' doesn't exist in engine
    at file:///Z:/project%202.0%20new/server/src/routes/publicRoutes.js:449:30
    at Layer.handle [as handle_request] (Z:\project 2.0 new\server\node_modules\express\lib\router\layer.js:95:5)
    at next (Z:\project 2.0 new\server\node_modules\express\lib\router\route.js:149:13)
    at Route.dispatch (Z:\project 2.0 new\server\node_modules\express\lib\router\route.js:119:3)
    at Layer.handle [as handle_request] (Z:\project 2.0 new\server\node_modules\express\lib\router\layer.js:95:5)
    at Z:\project 2.0 new\server\node_modules\express\lib\router\index.js:284:15
    at router.process_params (Z:\project 2.0 new\server\node_modules\express\lib\router\index.js:346:12)
    at next (Z:\project 2.0 new\server\node_modules\express\lib\router\index.js:280:10)
    at router.handle (Z:\project 2.0 new\server\node_modules\express\lib\router\index.js:175:3)
    at router (Z:\project 2.0 new\server\node_modules\express\lib\router\index.js:47:12)
2026-08-13T04:41:32.341Z Error: Table 'user1.vendor_profiles' doesn't exist in engine
    at file:///Z:/project%202.0%20new/server/src/routes/publicRoutes.js:464:37
    at Layer.handle [as handle_request] (Z:\project 2.0 new\server\node_modules\express\lib\router\layer.js:95:5)
    at next (Z:\project 2.0 new\server\node_modules\express\lib\router\route.js:149:13)
    at Route.dispatch (Z:\project 2.0 new\server\node_modules\express\lib\router\route.js:119:3)
    at Layer.handle [as handle_request] (Z:\project 2.0 new\server\node_modules\express\lib\router\layer.js:95:5)
    at Z:\project 2.0 new\server\node_modules\express\lib\router\index.js:284:15
    at router.process_params (Z:\project 2.0 new\server\node_modules\express\lib\router\index.js:346:12)
    at next (Z:\project 2.0 new\server\node_modules\express\lib\router\index.js:280:10)
    at router.handle (Z:\project 2.0 new\server\node_modules\express\lib\router\index.js:175:3)
    at router (Z:\project 2.0 new\server\node_modules\express\lib\router\index.js:47:12)
2026-08-13T04:41:32.344Z Error: Table 'user1.categories' doesn't exist in engine
    at file:///Z:/project%202.0%20new/server/src/routes/publicRoutes.js:18:37
    at Layer.handle [as handle_request] (Z:\project 2.0 new\server\node_modules\express\lib\router\layer.js:95:5)
    at next (Z:\project 2.0 new\server\node_modules\express\lib\router\route.js:149:13)
    at Route.dispatch (Z:\project 2.0 new\server\node_modules\express\lib\router\route.js:119:3)
    at Layer.handle [as handle_request] (Z:\project 2.0 new\server\node_modules\express\lib\router\layer.js:95:5)
    at Z:\project 2.0 new\server\node_modules\express\lib\router\index.js:284:15
    at router.process_params (Z:\project 2.0 new\server\node_modules\express\lib\router\index.js:346:12)
    at next (Z:\project 2.0 new\server\node_modules\express\lib\router\index.js:280:10)
    at router.handle (Z:\project 2.0 new\server\node_modules\express\lib\router\index.js:175:3)
    at router (Z:\project 2.0 new\server\node_modules\express\lib\router\index.js:47:12)
2026-08-13T04:41:32.360Z Error: Table 'user1.categories' doesn't exist in engine
    at file:///Z:/project%202.0%20new/server/src/routes/publicRoutes.js:18:37
    at Layer.handle [as handle_request] (Z:\project 2.0 new\server\node_modules\express\lib\router\layer.js:95:5)
    at next (Z:\project 2.0 new\server\node_modules\express\lib\router\route.js:149:13)
    at Route.dispatch (Z:\project 2.0 new\server\node_modules\express\lib\router\route.js:119:3)
    at Layer.handle [as handle_request] (Z:\project 2.0 new\server\node_modules\express\lib\router\layer.js:95:5)
    at Z:\project 2.0 new\server\node_modules\express\lib\router\index.js:284:15
    at router.process_params (Z:\project 2.0 new\server\node_modules\express\lib\router\index.js:346:12)
    at next (Z:\project 2.0 new\server\node_modules\express\lib\router\index.js:280:10)
    at router.handle (Z:\project 2.0 new\server\node_modules\express\lib\router\index.js:175:3)
    at router (Z:\project 2.0 new\server\node_modules\express\lib\router\index.js:47:12)
2026-08-13T04:41:32.370Z Error: Table 'user1.categories' doesn't exist in engine
    at file:///Z:/project%202.0%20new/server/src/routes/publicRoutes.js:18:37
    at Layer.handle [as handle_request] (Z:\project 2.0 new\server\node_modules\express\lib\router\layer.js:95:5)
    at next (Z:\project 2.0 new\server\node_modules\express\lib\router\route.js:149:13)
    at Route.dispatch (Z:\project 2.0 new\server\node_modules\express\lib\router\route.js:119:3)
    at Layer.handle [as handle_request] (Z:\project 2.0 new\server\node_modules\express\lib\router\layer.js:95:5)
    at Z:\project 2.0 new\server\node_modules\express\lib\router\index.js:284:15
    at router.process_params (Z:\project 2.0 new\server\node_modules\express\lib\router\index.js:346:12)
    at next (Z:\project 2.0 new\server\node_modules\express\lib\router\index.js:280:10)
    at router.handle (Z:\project 2.0 new\server\node_modules\express\lib\router\index.js:175:3)
    at router (Z:\project 2.0 new\server\node_modules\express\lib\router\index.js:47:12)
2026-08-13T04:41:32.378Z Error: Table 'user1.products' doesn't exist in engine
    at file:///Z:/project%202.0%20new/server/src/routes/publicRoutes.js:204:35
    at Layer.handle [as handle_request] (Z:\project 2.0 new\server\node_modules\express\lib\router\layer.js:95:5)
    at next (Z:\project 2.0 new\server\node_modules\express\lib\router\route.js:149:13)
    at Route.dispatch (Z:\project 2.0 new\server\node_modules\express\lib\router\route.js:119:3)
    at Layer.handle [as handle_request] (Z:\project 2.0 new\server\node_modules\express\lib\router\layer.js:95:5)
    at Z:\project 2.0 new\server\node_modules\express\lib\router\index.js:284:15
    at router.process_params (Z:\project 2.0 new\server\node_modules\express\lib\router\index.js:346:12)
    at next (Z:\project 2.0 new\server\node_modules\express\lib\router\index.js:280:10)
    at router.handle (Z:\project 2.0 new\server\node_modules\express\lib\router\index.js:175:3)
    at router (Z:\project 2.0 new\server\node_modules\express\lib\router\index.js:47:12)
2026-08-13T04:47:18.317Z Error: Table 'user1.advertisements' doesn't exist in engine
    at file:///Z:/project%202.0%20new/server/src/routes/publicRoutes.js:449:30
    at Layer.handle [as handle_request] (Z:\project 2.0 new\server\node_modules\express\lib\router\layer.js:95:5)
    at next (Z:\project 2.0 new\server\node_modules\express\lib\router\route.js:149:13)
    at Route.dispatch (Z:\project 2.0 new\server\node_modules\express\lib\router\route.js:119:3)
    at Layer.handle [as handle_request] (Z:\project 2.0 new\server\node_modules\express\lib\router\layer.js:95:5)
    at Z:\project 2.0 new\server\node_modules\express\lib\router\index.js:284:15
    at router.process_params (Z:\project 2.0 new\server\node_modules\express\lib\router\index.js:346:12)
    at next (Z:\project 2.0 new\server\node_modules\express\lib\router\index.js:280:10)
    at router.handle (Z:\project 2.0 new\server\node_modules\express\lib\router\index.js:175:3)
    at router (Z:\project 2.0 new\server\node_modules\express\lib\router\index.js:47:12)
2026-08-13T04:47:18.320Z Error: Table 'user1.products' doesn't exist in engine
    at file:///Z:/project%202.0%20new/server/src/routes/publicRoutes.js:87:35
    at Layer.handle [as handle_request] (Z:\project 2.0 new\server\node_modules\express\lib\router\layer.js:95:5)
    at next (Z:\project 2.0 new\server\node_modules\express\lib\router\route.js:149:13)
    at Route.dispatch (Z:\project 2.0 new\server\node_modules\express\lib\router\route.js:119:3)
    at Layer.handle [as handle_request] (Z:\project 2.0 new\server\node_modules\express\lib\router\layer.js:95:5)
    at Z:\project 2.0 new\server\node_modules\express\lib\router\index.js:284:15
    at router.process_params (Z:\project 2.0 new\server\node_modules\express\lib\router\index.js:346:12)
    at next (Z:\project 2.0 new\server\node_modules\express\lib\router\index.js:280:10)
    at router.handle (Z:\project 2.0 new\server\node_modules\express\lib\router\index.js:175:3)
    at router (Z:\project 2.0 new\server\node_modules\express\lib\router\index.js:47:12)
2026-08-13T04:47:18.323Z Error: Table 'user1.vendor_profiles' doesn't exist in engine
    at file:///Z:/project%202.0%20new/server/src/routes/publicRoutes.js:464:37
    at Layer.handle [as handle_request] (Z:\project 2.0 new\server\node_modules\express\lib\router\layer.js:95:5)
    at next (Z:\project 2.0 new\server\node_modules\express\lib\router\route.js:149:13)
    at Route.dispatch (Z:\project 2.0 new\server\node_modules\express\lib\router\route.js:119:3)
    at Layer.handle [as handle_request] (Z:\project 2.0 new\server\node_modules\express\lib\router\layer.js:95:5)
    at Z:\project 2.0 new\server\node_modules\express\lib\router\index.js:284:15
    at router.process_params (Z:\project 2.0 new\server\node_modules\express\lib\router\index.js:346:12)
    at next (Z:\project 2.0 new\server\node_modules\express\lib\router\index.js:280:10)
    at router.handle (Z:\project 2.0 new\server\node_modules\express\lib\router\index.js:175:3)
    at router (Z:\project 2.0 new\server\node_modules\express\lib\router\index.js:47:12)
2026-08-13T04:47:18.324Z Error: Table 'user1.categories' doesn't exist in engine
    at file:///Z:/project%202.0%20new/server/src/routes/publicRoutes.js:18:37
    at Layer.handle [as handle_request] (Z:\project 2.0 new\server\node_modules\express\lib\router\layer.js:95:5)
    at next (Z:\project 2.0 new\server\node_modules\express\lib\router\route.js:149:13)
    at Route.dispatch (Z:\project 2.0 new\server\node_modules\express\lib\router\route.js:119:3)
    at Layer.handle [as handle_request] (Z:\project 2.0 new\server\node_modules\express\lib\router\layer.js:95:5)
    at Z:\project 2.0 new\server\node_modules\express\lib\router\index.js:284:15
    at router.process_params (Z:\project 2.0 new\server\node_modules\express\lib\router\index.js:346:12)
    at next (Z:\project 2.0 new\server\node_modules\express\lib\router\index.js:280:10)
    at router.handle (Z:\project 2.0 new\server\node_modules\express\lib\router\index.js:175:3)
    at router (Z:\project 2.0 new\server\node_modules\express\lib\router\index.js:47:12)
2026-08-13T04:47:18.332Z Error: Table 'user1.advertisements' doesn't exist in engine
    at file:///Z:/project%202.0%20new/server/src/routes/publicRoutes.js:449:30
    at Layer.handle [as handle_request] (Z:\project 2.0 new\server\node_modules\express\lib\router\layer.js:95:5)
    at next (Z:\project 2.0 new\server\node_modules\express\lib\router\route.js:149:13)
    at Route.dispatch (Z:\project 2.0 new\server\node_modules\express\lib\router\route.js:119:3)
    at Layer.handle [as handle_request] (Z:\project 2.0 new\server\node_modules\express\lib\router\layer.js:95:5)
    at Z:\project 2.0 new\server\node_modules\express\lib\router\index.js:284:15
    at router.process_params (Z:\project 2.0 new\server\node_modules\express\lib\router\index.js:346:12)
    at next (Z:\project 2.0 new\server\node_modules\express\lib\router\index.js:280:10)
    at router.handle (Z:\project 2.0 new\server\node_modules\express\lib\router\index.js:175:3)
    at router (Z:\project 2.0 new\server\node_modules\express\lib\router\index.js:47:12)
2026-08-13T04:47:18.336Z Error: Table 'user1.products' doesn't exist in engine
    at file:///Z:/project%202.0%20new/server/src/routes/publicRoutes.js:87:35
    at Layer.handle [as handle_request] (Z:\project 2.0 new\server\node_modules\express\lib\router\layer.js:95:5)
    at next (Z:\project 2.0 new\server\node_modules\express\lib\router\route.js:149:13)
    at Route.dispatch (Z:\project 2.0 new\server\node_modules\express\lib\router\route.js:119:3)
    at Layer.handle [as handle_request] (Z:\project 2.0 new\server\node_modules\express\lib\router\layer.js:95:5)
    at Z:\project 2.0 new\server\node_modules\express\lib\router\index.js:284:15
    at router.process_params (Z:\project 2.0 new\server\node_modules\express\lib\router\index.js:346:12)
    at next (Z:\project 2.0 new\server\node_modules\express\lib\router\index.js:280:10)
    at router.handle (Z:\project 2.0 new\server\node_modules\express\lib\router\index.js:175:3)
    at router (Z:\project 2.0 new\server\node_modules\express\lib\router\index.js:47:12)
2026-08-13T04:47:18.339Z Error: Table 'user1.vendor_profiles' doesn't exist in engine
    at file:///Z:/project%202.0%20new/server/src/routes/publicRoutes.js:464:37
    at Layer.handle [as handle_request] (Z:\project 2.0 new\server\node_modules\express\lib\router\layer.js:95:5)
    at next (Z:\project 2.0 new\server\node_modules\express\lib\router\route.js:149:13)
    at Route.dispatch (Z:\project 2.0 new\server\node_modules\express\lib\router\route.js:119:3)
    at Layer.handle [as handle_request] (Z:\project 2.0 new\server\node_modules\express\lib\router\layer.js:95:5)
    at Z:\project 2.0 new\server\node_modules\express\lib\router\index.js:284:15
    at router.process_params (Z:\project 2.0 new\server\node_modules\express\lib\router\index.js:346:12)
    at next (Z:\project 2.0 new\server\node_modules\express\lib\router\index.js:280:10)
    at router.handle (Z:\project 2.0 new\server\node_modules\express\lib\router\index.js:175:3)
    at router (Z:\project 2.0 new\server\node_modules\express\lib\router\index.js:47:12)
2026-08-13T04:47:18.342Z Error: Table 'user1.categories' doesn't exist in engine
    at file:///Z:/project%202.0%20new/server/src/routes/publicRoutes.js:18:37
    at Layer.handle [as handle_request] (Z:\project 2.0 new\server\node_modules\express\lib\router\layer.js:95:5)
    at next (Z:\project 2.0 new\server\node_modules\express\lib\router\route.js:149:13)
    at Route.dispatch (Z:\project 2.0 new\server\node_modules\express\lib\router\route.js:119:3)
    at Layer.handle [as handle_request] (Z:\project 2.0 new\server\node_modules\express\lib\router\layer.js:95:5)
    at Z:\project 2.0 new\server\node_modules\express\lib\router\index.js:284:15
    at router.process_params (Z:\project 2.0 new\server\node_modules\express\lib\router\index.js:346:12)
    at next (Z:\project 2.0 new\server\node_modules\express\lib\router\index.js:280:10)
    at router.handle (Z:\project 2.0 new\server\node_modules\express\lib\router\index.js:175:3)
    at router (Z:\project 2.0 new\server\node_modules\express\lib\router\index.js:47:12)
2026-08-13T04:47:18.355Z Error: Table 'user1.categories' doesn't exist in engine
    at file:///Z:/project%202.0%20new/server/src/routes/publicRoutes.js:18:37
    at Layer.handle [as handle_request] (Z:\project 2.0 new\server\node_modules\express\lib\router\layer.js:95:5)
    at next (Z:\project 2.0 new\server\node_modules\express\lib\router\route.js:149:13)
    at Route.dispatch (Z:\project 2.0 new\server\node_modules\express\lib\router\route.js:119:3)
    at Layer.handle [as handle_request] (Z:\project 2.0 new\server\node_modules\express\lib\router\layer.js:95:5)
    at Z:\project 2.0 new\server\node_modules\express\lib\router\index.js:284:15
    at router.process_params (Z:\project 2.0 new\server\node_modules\express\lib\router\index.js:346:12)
    at next (Z:\project 2.0 new\server\node_modules\express\lib\router\index.js:280:10)
    at router.handle (Z:\project 2.0 new\server\node_modules\express\lib\router\index.js:175:3)
    at router (Z:\project 2.0 new\server\node_modules\express\lib\router\index.js:47:12)
2026-08-13T04:47:18.368Z Error: Table 'user1.categories' doesn't exist in engine
    at file:///Z:/project%202.0%20new/server/src/routes/publicRoutes.js:18:37
    at Layer.handle [as handle_request] (Z:\project 2.0 new\server\node_modules\express\lib\router\layer.js:95:5)
    at next (Z:\project 2.0 new\server\node_modules\express\lib\router\route.js:149:13)
    at Route.dispatch (Z:\project 2.0 new\server\node_modules\express\lib\router\route.js:119:3)
    at Layer.handle [as handle_request] (Z:\project 2.0 new\server\node_modules\express\lib\router\layer.js:95:5)
    at Z:\project 2.0 new\server\node_modules\express\lib\router\index.js:284:15
    at router.process_params (Z:\project 2.0 new\server\node_modules\express\lib\router\index.js:346:12)
    at next (Z:\project 2.0 new\server\node_modules\express\lib\router\index.js:280:10)
    at router.handle (Z:\project 2.0 new\server\node_modules\express\lib\router\index.js:175:3)
    at router (Z:\project 2.0 new\server\node_modules\express\lib\router\index.js:47:12)
2026-08-13T04:47:18.383Z Error: Table 'user1.products' doesn't exist in engine
    at file:///Z:/project%202.0%20new/server/src/routes/publicRoutes.js:204:35
    at Layer.handle [as handle_request] (Z:\project 2.0 new\server\node_modules\express\lib\router\layer.js:95:5)
    at next (Z:\project 2.0 new\server\node_modules\express\lib\router\route.js:149:13)
    at Route.dispatch (Z:\project 2.0 new\server\node_modules\express\lib\router\route.js:119:3)
    at Layer.handle [as handle_request] (Z:\project 2.0 new\server\node_modules\express\lib\router\layer.js:95:5)
    at Z:\project 2.0 new\server\node_modules\express\lib\router\index.js:284:15
    at router.process_params (Z:\project 2.0 new\server\node_modules\express\lib\router\index.js:346:12)
    at next (Z:\project 2.0 new\server\node_modules\express\lib\router\index.js:280:10)
    at router.handle (Z:\project 2.0 new\server\node_modules\express\lib\router\index.js:175:3)
    at router (Z:\project 2.0 new\server\node_modules\express\lib\router\index.js:47:12)
2026-08-13T05:25:47.001Z Error: Cannot add or update a child row: a foreign key constraint fails (`user4`.`category_seo_keywords`, CONSTRAINT `category_seo_keywords_ibfk_1` FOREIGN KEY (`category_id`) REFERENCES `categories` (`id`) ON DELETE CASCADE)
    at saveCategorySeo (file:///Z:/project%202.0%20new/server/src/controllers/seoController.js:187:20)
    at process.processTicksAndRejections (node:internal/process/task_queues:104:5)
2026-08-13T08:15:21.519Z TypeError: StorageService.saveImage is not a function
    at uploadServiceCategoryBanner (file:///Z:/project%202.0%20new/server/src/controllers/seoController.js:222:43)
    at Layer.handle [as handle_request] (Z:\project 2.0 new\server\node_modules\express\lib\router\layer.js:95:5)
    at next (Z:\project 2.0 new\server\node_modules\express\lib\router\route.js:149:13)
    at done (Z:\project 2.0 new\server\node_modules\multer\lib\make-middleware.js:70:7)
    at indicateDone (Z:\project 2.0 new\server\node_modules\multer\lib\make-middleware.js:74:68)
    at Multipart.<anonymous> (Z:\project 2.0 new\server\node_modules\multer\lib\make-middleware.js:258:7)
    at Multipart.emit (node:events:509:28)
    at emitCloseNT (node:internal/streams/destroy:148:10)
    at process.processTicksAndRejections (node:internal/process/task_queues:89:21)
2026-08-13T12:19:41.968Z Error: Unknown column 'vp.average_rating' in 'field list'
    at getSeoPageDetails (file:///Z:/project%202.0%20new/server/src/controllers/seoController.js:587:35)
    at process.processTicksAndRejections (node:internal/process/task_queues:104:5)
2026-08-13T12:19:41.972Z Error: Unknown column 'vp.average_rating' in 'field list'
    at getSeoPageDetails (file:///Z:/project%202.0%20new/server/src/controllers/seoController.js:587:35)
    at process.processTicksAndRejections (node:internal/process/task_queues:104:5)
2026-08-13T12:19:47.051Z Error: Unknown column 'vp.average_rating' in 'field list'
    at getSeoPageDetails (file:///Z:/project%202.0%20new/server/src/controllers/seoController.js:587:35)
    at process.processTicksAndRejections (node:internal/process/task_queues:104:5)
2026-08-13T12:19:47.061Z Error: Unknown column 'vp.average_rating' in 'field list'
    at getSeoPageDetails (file:///Z:/project%202.0%20new/server/src/controllers/seoController.js:587:35)
    at process.processTicksAndRejections (node:internal/process/task_queues:104:5)
2026-08-13T12:21:05.134Z Error: Unknown column 'r.vendor_id' in 'where clause'
    at getSeoPageDetails (file:///Z:/project%202.0%20new/server/src/controllers/seoController.js:587:35)
    at process.processTicksAndRejections (node:internal/process/task_queues:104:5)
2026-08-13T12:21:05.137Z Error: Unknown column 'r.vendor_id' in 'where clause'
    at getSeoPageDetails (file:///Z:/project%202.0%20new/server/src/controllers/seoController.js:587:35)
    at process.processTicksAndRejections (node:internal/process/task_queues:104:5)
2026-08-14T04:15:23.189Z AggregateError: 
    at file:///Z:/project%202.0%20new/server/src/routes/publicRoutes.js:449:30
    at Layer.handle [as handle_request] (Z:\project 2.0 new\server\node_modules\express\lib\router\layer.js:95:5)
    at next (Z:\project 2.0 new\server\node_modules\express\lib\router\route.js:149:13)
    at Route.dispatch (Z:\project 2.0 new\server\node_modules\express\lib\router\route.js:119:3)
    at Layer.handle [as handle_request] (Z:\project 2.0 new\server\node_modules\express\lib\router\layer.js:95:5)
    at Z:\project 2.0 new\server\node_modules\express\lib\router\index.js:284:15
    at router.process_params (Z:\project 2.0 new\server\node_modules\express\lib\router\index.js:346:12)
    at next (Z:\project 2.0 new\server\node_modules\express\lib\router\index.js:280:10)
    at router.handle (Z:\project 2.0 new\server\node_modules\express\lib\router\index.js:175:3)
    at router (Z:\project 2.0 new\server\node_modules\express\lib\router\index.js:47:12)
2026-08-14T04:15:23.195Z AggregateError: 
    at file:///Z:/project%202.0%20new/server/src/routes/publicRoutes.js:28:37
    at Layer.handle [as handle_request] (Z:\project 2.0 new\server\node_modules\express\lib\router\layer.js:95:5)
    at next (Z:\project 2.0 new\server\node_modules\express\lib\router\route.js:149:13)
    at Route.dispatch (Z:\project 2.0 new\server\node_modules\express\lib\router\route.js:119:3)
    at Layer.handle [as handle_request] (Z:\project 2.0 new\server\node_modules\express\lib\router\layer.js:95:5)
    at Z:\project 2.0 new\server\node_modules\express\lib\router\index.js:284:15
    at router.process_params (Z:\project 2.0 new\server\node_modules\express\lib\router\index.js:346:12)
    at next (Z:\project 2.0 new\server\node_modules\express\lib\router\index.js:280:10)
    at router.handle (Z:\project 2.0 new\server\node_modules\express\lib\router\index.js:175:3)
    at router (Z:\project 2.0 new\server\node_modules\express\lib\router\index.js:47:12)
2026-08-14T04:15:23.198Z AggregateError: 
    at file:///Z:/project%202.0%20new/server/src/routes/publicRoutes.js:87:35
    at Layer.handle [as handle_request] (Z:\project 2.0 new\server\node_modules\express\lib\router\layer.js:95:5)
    at next (Z:\project 2.0 new\server\node_modules\express\lib\router\route.js:149:13)
    at Route.dispatch (Z:\project 2.0 new\server\node_modules\express\lib\router\route.js:119:3)
    at Layer.handle [as handle_request] (Z:\project 2.0 new\server\node_modules\express\lib\router\layer.js:95:5)
    at Z:\project 2.0 new\server\node_modules\express\lib\router\index.js:284:15
    at router.process_params (Z:\project 2.0 new\server\node_modules\express\lib\router\index.js:346:12)
    at next (Z:\project 2.0 new\server\node_modules\express\lib\router\index.js:280:10)
    at router.handle (Z:\project 2.0 new\server\node_modules\express\lib\router\index.js:175:3)
    at router (Z:\project 2.0 new\server\node_modules\express\lib\router\index.js:47:12)
2026-08-14T04:15:23.203Z AggregateError: 
    at file:///Z:/project%202.0%20new/server/src/routes/publicRoutes.js:18:37
    at Layer.handle [as handle_request] (Z:\project 2.0 new\server\node_modules\express\lib\router\layer.js:95:5)
    at next (Z:\project 2.0 new\server\node_modules\express\lib\router\route.js:149:13)
    at Route.dispatch (Z:\project 2.0 new\server\node_modules\express\lib\router\route.js:119:3)
    at Layer.handle [as handle_request] (Z:\project 2.0 new\server\node_modules\express\lib\router\layer.js:95:5)
    at Z:\project 2.0 new\server\node_modules\express\lib\router\index.js:284:15
    at router.process_params (Z:\project 2.0 new\server\node_modules\express\lib\router\index.js:346:12)
    at next (Z:\project 2.0 new\server\node_modules\express\lib\router\index.js:280:10)
    at router.handle (Z:\project 2.0 new\server\node_modules\express\lib\router\index.js:175:3)
    at router (Z:\project 2.0 new\server\node_modules\express\lib\router\index.js:47:12)
2026-08-14T04:15:23.206Z AggregateError: 
    at file:///Z:/project%202.0%20new/server/src/routes/publicRoutes.js:464:37
    at Layer.handle [as handle_request] (Z:\project 2.0 new\server\node_modules\express\lib\router\layer.js:95:5)
    at next (Z:\project 2.0 new\server\node_modules\express\lib\router\route.js:149:13)
    at Route.dispatch (Z:\project 2.0 new\server\node_modules\express\lib\router\route.js:119:3)
    at Layer.handle [as handle_request] (Z:\project 2.0 new\server\node_modules\express\lib\router\layer.js:95:5)
    at Z:\project 2.0 new\server\node_modules\express\lib\router\index.js:284:15
    at router.process_params (Z:\project 2.0 new\server\node_modules\express\lib\router\index.js:346:12)
    at next (Z:\project 2.0 new\server\node_modules\express\lib\router\index.js:280:10)
    at router.handle (Z:\project 2.0 new\server\node_modules\express\lib\router\index.js:175:3)
    at router (Z:\project 2.0 new\server\node_modules\express\lib\router\index.js:47:12)
2026-08-14T04:15:23.228Z AggregateError: 
    at file:///Z:/project%202.0%20new/server/src/routes/publicRoutes.js:449:30
    at Layer.handle [as handle_request] (Z:\project 2.0 new\server\node_modules\express\lib\router\layer.js:95:5)
    at next (Z:\project 2.0 new\server\node_modules\express\lib\router\route.js:149:13)
    at Route.dispatch (Z:\project 2.0 new\server\node_modules\express\lib\router\route.js:119:3)
    at Layer.handle [as handle_request] (Z:\project 2.0 new\server\node_modules\express\lib\router\layer.js:95:5)
    at Z:\project 2.0 new\server\node_modules\express\lib\router\index.js:284:15
    at router.process_params (Z:\project 2.0 new\server\node_modules\express\lib\router\index.js:346:12)
    at next (Z:\project 2.0 new\server\node_modules\express\lib\router\index.js:280:10)
    at router.handle (Z:\project 2.0 new\server\node_modules\express\lib\router\index.js:175:3)
    at router (Z:\project 2.0 new\server\node_modules\express\lib\router\index.js:47:12)
2026-08-14T04:15:23.231Z AggregateError: 
    at file:///Z:/project%202.0%20new/server/src/routes/publicRoutes.js:28:37
    at Layer.handle [as handle_request] (Z:\project 2.0 new\server\node_modules\express\lib\router\layer.js:95:5)
    at next (Z:\project 2.0 new\server\node_modules\express\lib\router\route.js:149:13)
    at Route.dispatch (Z:\project 2.0 new\server\node_modules\express\lib\router\route.js:119:3)
    at Layer.handle [as handle_request] (Z:\project 2.0 new\server\node_modules\express\lib\router\layer.js:95:5)
    at Z:\project 2.0 new\server\node_modules\express\lib\router\index.js:284:15
    at router.process_params (Z:\project 2.0 new\server\node_modules\express\lib\router\index.js:346:12)
    at next (Z:\project 2.0 new\server\node_modules\express\lib\router\index.js:280:10)
    at router.handle (Z:\project 2.0 new\server\node_modules\express\lib\router\index.js:175:3)
    at router (Z:\project 2.0 new\server\node_modules\express\lib\router\index.js:47:12)
2026-08-14T04:15:23.236Z AggregateError: 
    at file:///Z:/project%202.0%20new/server/src/routes/publicRoutes.js:87:35
    at Layer.handle [as handle_request] (Z:\project 2.0 new\server\node_modules\express\lib\router\layer.js:95:5)
    at next (Z:\project 2.0 new\server\node_modules\express\lib\router\route.js:149:13)
    at Route.dispatch (Z:\project 2.0 new\server\node_modules\express\lib\router\route.js:119:3)
    at Layer.handle [as handle_request] (Z:\project 2.0 new\server\node_modules\express\lib\router\layer.js:95:5)
    at Z:\project 2.0 new\server\node_modules\express\lib\router\index.js:284:15
    at router.process_params (Z:\project 2.0 new\server\node_modules\express\lib\router\index.js:346:12)
    at next (Z:\project 2.0 new\server\node_modules\express\lib\router\index.js:280:10)
    at router.handle (Z:\project 2.0 new\server\node_modules\express\lib\router\index.js:175:3)
    at router (Z:\project 2.0 new\server\node_modules\express\lib\router\index.js:47:12)
2026-08-14T04:15:23.239Z AggregateError: 
    at file:///Z:/project%202.0%20new/server/src/routes/publicRoutes.js:18:37
    at Layer.handle [as handle_request] (Z:\project 2.0 new\server\node_modules\express\lib\router\layer.js:95:5)
    at next (Z:\project 2.0 new\server\node_modules\express\lib\router\route.js:149:13)
    at Route.dispatch (Z:\project 2.0 new\server\node_modules\express\lib\router\route.js:119:3)
    at Layer.handle [as handle_request] (Z:\project 2.0 new\server\node_modules\express\lib\router\layer.js:95:5)
    at Z:\project 2.0 new\server\node_modules\express\lib\router\index.js:284:15
    at router.process_params (Z:\project 2.0 new\server\node_modules\express\lib\router\index.js:346:12)
    at next (Z:\project 2.0 new\server\node_modules\express\lib\router\index.js:280:10)
    at router.handle (Z:\project 2.0 new\server\node_modules\express\lib\router\index.js:175:3)
    at router (Z:\project 2.0 new\server\node_modules\express\lib\router\index.js:47:12)
2026-08-14T04:15:23.243Z AggregateError: 
    at file:///Z:/project%202.0%20new/server/src/routes/publicRoutes.js:464:37
    at Layer.handle [as handle_request] (Z:\project 2.0 new\server\node_modules\express\lib\router\layer.js:95:5)
    at next (Z:\project 2.0 new\server\node_modules\express\lib\router\route.js:149:13)
    at Route.dispatch (Z:\project 2.0 new\server\node_modules\express\lib\router\route.js:119:3)
    at Layer.handle [as handle_request] (Z:\project 2.0 new\server\node_modules\express\lib\router\layer.js:95:5)
    at Z:\project 2.0 new\server\node_modules\express\lib\router\index.js:284:15
    at router.process_params (Z:\project 2.0 new\server\node_modules\express\lib\router\index.js:346:12)
    at next (Z:\project 2.0 new\server\node_modules\express\lib\router\index.js:280:10)
    at router.handle (Z:\project 2.0 new\server\node_modules\express\lib\router\index.js:175:3)
    at router (Z:\project 2.0 new\server\node_modules\express\lib\router\index.js:47:12)
2026-08-14T04:15:23.257Z AggregateError: 
    at file:///Z:/project%202.0%20new/server/src/routes/publicRoutes.js:18:37
    at Layer.handle [as handle_request] (Z:\project 2.0 new\server\node_modules\express\lib\router\layer.js:95:5)
    at next (Z:\project 2.0 new\server\node_modules\express\lib\router\route.js:149:13)
    at Route.dispatch (Z:\project 2.0 new\server\node_modules\express\lib\router\route.js:119:3)
    at Layer.handle [as handle_request] (Z:\project 2.0 new\server\node_modules\express\lib\router\layer.js:95:5)
    at Z:\project 2.0 new\server\node_modules\express\lib\router\index.js:284:15
    at router.process_params (Z:\project 2.0 new\server\node_modules\express\lib\router\index.js:346:12)
    at next (Z:\project 2.0 new\server\node_modules\express\lib\router\index.js:280:10)
    at router.handle (Z:\project 2.0 new\server\node_modules\express\lib\router\index.js:175:3)
    at router (Z:\project 2.0 new\server\node_modules\express\lib\router\index.js:47:12)
2026-08-14T04:15:23.278Z AggregateError: 
    at file:///Z:/project%202.0%20new/server/src/routes/publicRoutes.js:18:37
    at Layer.handle [as handle_request] (Z:\project 2.0 new\server\node_modules\express\lib\router\layer.js:95:5)
    at next (Z:\project 2.0 new\server\node_modules\express\lib\router\route.js:149:13)
    at Route.dispatch (Z:\project 2.0 new\server\node_modules\express\lib\router\route.js:119:3)
    at Layer.handle [as handle_request] (Z:\project 2.0 new\server\node_modules\express\lib\router\layer.js:95:5)
    at Z:\project 2.0 new\server\node_modules\express\lib\router\index.js:284:15
    at router.process_params (Z:\project 2.0 new\server\node_modules\express\lib\router\index.js:346:12)
    at next (Z:\project 2.0 new\server\node_modules\express\lib\router\index.js:280:10)
    at router.handle (Z:\project 2.0 new\server\node_modules\express\lib\router\index.js:175:3)
    at router (Z:\project 2.0 new\server\node_modules\express\lib\router\index.js:47:12)
2026-08-14T04:15:23.339Z AggregateError: 
    at file:///Z:/project%202.0%20new/server/src/routes/publicRoutes.js:204:35
    at Layer.handle [as handle_request] (Z:\project 2.0 new\server\node_modules\express\lib\router\layer.js:95:5)
    at next (Z:\project 2.0 new\server\node_modules\express\lib\router\route.js:149:13)
    at Route.dispatch (Z:\project 2.0 new\server\node_modules\express\lib\router\route.js:119:3)
    at Layer.handle [as handle_request] (Z:\project 2.0 new\server\node_modules\express\lib\router\layer.js:95:5)
    at Z:\project 2.0 new\server\node_modules\express\lib\router\index.js:284:15
    at router.process_params (Z:\project 2.0 new\server\node_modules\express\lib\router\index.js:346:12)
    at next (Z:\project 2.0 new\server\node_modules\express\lib\router\index.js:280:10)
    at router.handle (Z:\project 2.0 new\server\node_modules\express\lib\router\index.js:175:3)
    at router (Z:\project 2.0 new\server\node_modules\express\lib\router\index.js:47:12)
2026-08-17T04:47:49.585Z Error: Unknown column 'order_item_id' in 'field list'
    at getMyPayouts (file:///Z:/project%202.0%20new/server/src/controllers/vendorController.js:1174:42)
    at process.processTicksAndRejections (node:internal/process/task_queues:104:5)
2026-08-17T04:47:49.592Z Error: Unknown column 'order_item_id' in 'field list'
    at getMyPayouts (file:///Z:/project%202.0%20new/server/src/controllers/vendorController.js:1174:42)
    at process.processTicksAndRejections (node:internal/process/task_queues:104:5)
2026-08-19T06:01:53.860Z Error: Too many connections
    at file:///Z:/project%202.0%20new/server/src/routes/publicRoutes.js:41:37
    at Layer.handle [as handle_request] (Z:\project 2.0 new\server\node_modules\express\lib\router\layer.js:95:5)
    at next (Z:\project 2.0 new\server\node_modules\express\lib\router\route.js:149:13)
    at Route.dispatch (Z:\project 2.0 new\server\node_modules\express\lib\router\route.js:119:3)
    at Layer.handle [as handle_request] (Z:\project 2.0 new\server\node_modules\express\lib\router\layer.js:95:5)
    at Z:\project 2.0 new\server\node_modules\express\lib\router\index.js:284:15
    at router.process_params (Z:\project 2.0 new\server\node_modules\express\lib\router\index.js:346:12)
    at next (Z:\project 2.0 new\server\node_modules\express\lib\router\index.js:280:10)
    at router.handle (Z:\project 2.0 new\server\node_modules\express\lib\router\index.js:175:3)
    at router (Z:\project 2.0 new\server\node_modules\express\lib\router\index.js:47:12)
2026-08-19T06:44:47.695Z Error: Unknown column 'vp.address' in 'field list'
    at getProductById (file:///Z:/project%202.0%20new/server/src/controllers/productController.js:132:35)
    at Layer.handle [as handle_request] (Z:\project 2.0 new\server\node_modules\express\lib\router\layer.js:95:5)
    at next (Z:\project 2.0 new\server\node_modules\express\lib\router\route.js:149:13)
    at Route.dispatch (Z:\project 2.0 new\server\node_modules\express\lib\router\route.js:119:3)
    at Layer.handle [as handle_request] (Z:\project 2.0 new\server\node_modules\express\lib\router\layer.js:95:5)
    at Z:\project 2.0 new\server\node_modules\express\lib\router\index.js:284:15
    at param (Z:\project 2.0 new\server\node_modules\express\lib\router\index.js:365:14)
    at param (Z:\project 2.0 new\server\node_modules\express\lib\router\index.js:376:14)
    at router.process_params (Z:\project 2.0 new\server\node_modules\express\lib\router\index.js:421:3)
    at next (Z:\project 2.0 new\server\node_modules\express\lib\router\index.js:280:10)
2026-08-19T06:48:29.169Z Error: Unknown column 'vp.address' in 'field list'
    at getProductById (file:///Z:/project%202.0%20new/server/src/controllers/productController.js:132:35)
    at Layer.handle [as handle_request] (Z:\project 2.0 new\server\node_modules\express\lib\router\layer.js:95:5)
    at next (Z:\project 2.0 new\server\node_modules\express\lib\router\route.js:149:13)
    at Route.dispatch (Z:\project 2.0 new\server\node_modules\express\lib\router\route.js:119:3)
    at Layer.handle [as handle_request] (Z:\project 2.0 new\server\node_modules\express\lib\router\layer.js:95:5)
    at Z:\project 2.0 new\server\node_modules\express\lib\router\index.js:284:15
    at param (Z:\project 2.0 new\server\node_modules\express\lib\router\index.js:365:14)
    at param (Z:\project 2.0 new\server\node_modules\express\lib\router\index.js:376:14)
    at router.process_params (Z:\project 2.0 new\server\node_modules\express\lib\router\index.js:421:3)
    at next (Z:\project 2.0 new\server\node_modules\express\lib\router\index.js:280:10)
2026-08-19T06:48:29.175Z Error: Unknown column 'vp.address' in 'field list'
    at getProductById (file:///Z:/project%202.0%20new/server/src/controllers/productController.js:132:35)
    at Layer.handle [as handle_request] (Z:\project 2.0 new\server\node_modules\express\lib\router\layer.js:95:5)
    at next (Z:\project 2.0 new\server\node_modules\express\lib\router\route.js:149:13)
    at Route.dispatch (Z:\project 2.0 new\server\node_modules\express\lib\router\route.js:119:3)
    at Layer.handle [as handle_request] (Z:\project 2.0 new\server\node_modules\express\lib\router\layer.js:95:5)
    at Z:\project 2.0 new\server\node_modules\express\lib\router\index.js:284:15
    at param (Z:\project 2.0 new\server\node_modules\express\lib\router\index.js:365:14)
    at param (Z:\project 2.0 new\server\node_modules\express\lib\router\index.js:376:14)
    at router.process_params (Z:\project 2.0 new\server\node_modules\express\lib\router\index.js:421:3)
    at next (Z:\project 2.0 new\server\node_modules\express\lib\router\index.js:280:10)
2026-08-19T06:48:35.836Z Error: Unknown column 'vp.address' in 'field list'
    at getProductById (file:///Z:/project%202.0%20new/server/src/controllers/productController.js:132:35)
    at Layer.handle [as handle_request] (Z:\project 2.0 new\server\node_modules\express\lib\router\layer.js:95:5)
    at next (Z:\project 2.0 new\server\node_modules\express\lib\router\route.js:149:13)
    at Route.dispatch (Z:\project 2.0 new\server\node_modules\express\lib\router\route.js:119:3)
    at Layer.handle [as handle_request] (Z:\project 2.0 new\server\node_modules\express\lib\router\layer.js:95:5)
    at Z:\project 2.0 new\server\node_modules\express\lib\router\index.js:284:15
    at param (Z:\project 2.0 new\server\node_modules\express\lib\router\index.js:365:14)
    at param (Z:\project 2.0 new\server\node_modules\express\lib\router\index.js:376:14)
    at router.process_params (Z:\project 2.0 new\server\node_modules\express\lib\router\index.js:421:3)
    at next (Z:\project 2.0 new\server\node_modules\express\lib\router\index.js:280:10)
2026-08-19T06:48:35.843Z Error: Unknown column 'vp.address' in 'field list'
    at getProductById (file:///Z:/project%202.0%20new/server/src/controllers/productController.js:132:35)
    at Layer.handle [as handle_request] (Z:\project 2.0 new\server\node_modules\express\lib\router\layer.js:95:5)
    at next (Z:\project 2.0 new\server\node_modules\express\lib\router\route.js:149:13)
    at Route.dispatch (Z:\project 2.0 new\server\node_modules\express\lib\router\route.js:119:3)
    at Layer.handle [as handle_request] (Z:\project 2.0 new\server\node_modules\express\lib\router\layer.js:95:5)
    at Z:\project 2.0 new\server\node_modules\express\lib\router\index.js:284:15
    at param (Z:\project 2.0 new\server\node_modules\express\lib\router\index.js:365:14)
    at param (Z:\project 2.0 new\server\node_modules\express\lib\router\index.js:376:14)
    at router.process_params (Z:\project 2.0 new\server\node_modules\express\lib\router\index.js:421:3)
    at next (Z:\project 2.0 new\server\node_modules\express\lib\router\index.js:280:10)
2026-08-19T06:48:51.712Z Error: Unknown column 'vp.address' in 'field list'
    at getProductById (file:///Z:/project%202.0%20new/server/src/controllers/productController.js:132:35)
    at Layer.handle [as handle_request] (Z:\project 2.0 new\server\node_modules\express\lib\router\layer.js:95:5)
    at next (Z:\project 2.0 new\server\node_modules\express\lib\router\route.js:149:13)
    at Route.dispatch (Z:\project 2.0 new\server\node_modules\express\lib\router\route.js:119:3)
    at Layer.handle [as handle_request] (Z:\project 2.0 new\server\node_modules\express\lib\router\layer.js:95:5)
    at Z:\project 2.0 new\server\node_modules\express\lib\router\index.js:284:15
    at param (Z:\project 2.0 new\server\node_modules\express\lib\router\index.js:365:14)
    at param (Z:\project 2.0 new\server\node_modules\express\lib\router\index.js:376:14)
    at router.process_params (Z:\project 2.0 new\server\node_modules\express\lib\router\index.js:421:3)
    at next (Z:\project 2.0 new\server\node_modules\express\lib\router\index.js:280:10)
2026-08-19T06:48:51.727Z Error: Unknown column 'vp.address' in 'field list'
    at getProductById (file:///Z:/project%202.0%20new/server/src/controllers/productController.js:132:35)
    at Layer.handle [as handle_request] (Z:\project 2.0 new\server\node_modules\express\lib\router\layer.js:95:5)
    at next (Z:\project 2.0 new\server\node_modules\express\lib\router\route.js:149:13)
    at Route.dispatch (Z:\project 2.0 new\server\node_modules\express\lib\router\route.js:119:3)
    at Layer.handle [as handle_request] (Z:\project 2.0 new\server\node_modules\express\lib\router\layer.js:95:5)
    at Z:\project 2.0 new\server\node_modules\express\lib\router\index.js:284:15
    at param (Z:\project 2.0 new\server\node_modules\express\lib\router\index.js:365:14)
    at param (Z:\project 2.0 new\server\node_modules\express\lib\router\index.js:376:14)
    at router.process_params (Z:\project 2.0 new\server\node_modules\express\lib\router\index.js:421:3)
    at next (Z:\project 2.0 new\server\node_modules\express\lib\router\index.js:280:10)
2026-08-20T05:34:37.427Z Error: Duplicate entry '8-SEO Services' for key 'cat_spec_unique'
    at createSpecialty (file:///Z:/project%202.0%20new/server/src/controllers/businessNetworkController.js:70:33)
    at Layer.handle [as handle_request] (Z:\project 2.0 new\server\node_modules\express\lib\router\layer.js:95:5)
    at next (Z:\project 2.0 new\server\node_modules\express\lib\router\route.js:149:13)
    at file:///Z:/project%202.0%20new/server/src/middlewares/authMiddleware.js:60:14
    at Layer.handle [as handle_request] (Z:\project 2.0 new\server\node_modules\express\lib\router\layer.js:95:5)
    at next (Z:\project 2.0 new\server\node_modules\express\lib\router\route.js:149:13)
    at Route.dispatch (Z:\project 2.0 new\server\node_modules\express\lib\router\route.js:119:3)
    at Layer.handle [as handle_request] (Z:\project 2.0 new\server\node_modules\express\lib\router\layer.js:95:5)
    at Z:\project 2.0 new\server\node_modules\express\lib\router\index.js:284:15
    at router.process_params (Z:\project 2.0 new\server\node_modules\express\lib\router\index.js:346:12)
2026-08-22T04:25:46.224Z Error: Expression #1 of SELECT list is not in GROUP BY clause and contains nonaggregated column 'user4.business_network_referrals.created_at' which is not functionally dependent on columns in GROUP BY clause; this is incompatible with sql_mode=only_full_group_by
    at getSuperAdminDashboard (file:///E:/work%20from%20home/server/src/controllers/businessNetworkController.js:1305:43)
    at process.processTicksAndRejections (node:internal/process/task_queues:104:5)
2026-08-22T04:25:46.246Z Error: Expression #1 of SELECT list is not in GROUP BY clause and contains nonaggregated column 'user4.business_network_referrals.created_at' which is not functionally dependent on columns in GROUP BY clause; this is incompatible with sql_mode=only_full_group_by
    at getSuperAdminDashboard (file:///E:/work%20from%20home/server/src/controllers/businessNetworkController.js:1305:43)
    at process.processTicksAndRejections (node:internal/process/task_queues:104:5)
2026-08-22T04:28:13.108Z Error: Expression #1 of SELECT list is not in GROUP BY clause and contains nonaggregated column 'user4.business_network_referrals.created_at' which is not functionally dependent on columns in GROUP BY clause; this is incompatible with sql_mode=only_full_group_by
    at getSuperAdminDashboard (file:///E:/work%20from%20home/server/src/controllers/businessNetworkController.js:1305:43)
    at process.processTicksAndRejections (node:internal/process/task_queues:104:5)
2026-08-22T04:28:13.128Z Error: Expression #1 of SELECT list is not in GROUP BY clause and contains nonaggregated column 'user4.business_network_referrals.created_at' which is not functionally dependent on columns in GROUP BY clause; this is incompatible with sql_mode=only_full_group_by
    at getSuperAdminDashboard (file:///E:/work%20from%20home/server/src/controllers/businessNetworkController.js:1305:43)
    at process.processTicksAndRejections (node:internal/process/task_queues:104:5)
